TITOLO,ISSN
900,2036-8836
"¿MÁS DERECHO?",1515-6753
1989. RIVISTA DI DIRITTO PUBBLICO E SCIENZE POLITICHE,1720-4240
A.W.R. BULLETIN,0001-2947
ACHAB,1971-7954
ACTA ANALYTICA,0353-5150
ACTA HISTRIAE,1318-0185
ACTA MATHEMATICA,0001-5962
ACTA PHILOSOPHICA,1121-2179
ACTAS DE DERECHO INDUSTRIAL Y DERECHO DE AUTOR,1139-3289
ACTUALIDAD JURÌDICA IBEROAMERICANA,2386-4567
AD GENTES,1826-0756
ADL. ARGOMENTI DI DIRITTO DEL LAVORO,1126-5760
ADMINISTRATIVE LAW REVIEW,0001-8368
ADVANCES IN COMPLEX SYSTEM,0219-5259
ADVOCATUS,1996-4773
AEDON,1127-1345
AEGEAN REVIEW OF THE LAW OF THE SEA AND MARITIME LAW,1864-9610
AEGYPTUS,0001-9046
AESTIMUM,1592-6117
AFFARI ESTERI,0001-964X
AFFARI SOCIALI INTERNAZIONALI,0390-1181
AFFARINTERNAZIONALI,2280-9228
AFRICAN JOURNAL ON CONFLICT RESOLUTION,1562-6997
AFRICANA,1592-9639
AG-ABOUT GENDER,2279-5057
AGORA',0392-5587
AGRI CENTURIATI,1724-904X
AGRICOLTURA,1593-0017
AGRICOLTURA ISTITUZIONI MERCATI,1828-194X
AGRIREGIONIEUROPA,1828-5880
AI & SOCIETY,0951-5666
AIDA,.
AIDA INFORMAZIONI,1121-0095
"AIDA. ANNALI ITALIANI DEL DIRITTO D'AUTORE, DELLA CULTURA E DELLO SPETTACOLO",1720-4259
AIR & SPACE LAW,0927-3379
AKTUELLE JURISTISCHE PRAXIS,1660-3362
ALMATOURISM,2036-5195
ALTERA,1224-0338
ALTRAPREVIDENZA,1827-4323
AMBIENTE & SICUREZZA,2035-5149
AMBIENTE & SVILUPPO,1826-7939
AMBIENTE CONSULENZA E PRATICA PER L'IMPRESA,1720-7134
AMBIENTE E SICUREZZA SUL LAVORO,0393-7054
AMBIENTE JURIDICO,0123-9465
AMBIENTEDIRITTO.IT,1974-9562
AMERICAN JOURNAL OF BIOETHICS,1526-5161
AMERICAN JOURNAL OF INTERNATIONAL LAW,0002-9300
AMERICAN LAW AND ECONOMICS REVIEW,1465-7260
AMERICAN UNIVERSITY INTERNATIONAL LAW REVIEW,1520-460X
AMMINISTRARE,0044-8141
AMMINISTRATIV@MENTE,2036-7821
AMMINISTRAZIONE & FINANZA,1971-5013
AMMINISTRAZIONE CIVILE,1122-0635
AMMINISTRAZIONE E CONTABILITA' DELLO STATO E DEGLI ENTI PUBBLICI,0393-5604
AMMINISTRAZIONE E POLITICA,0392-579X
AMMINISTRAZIONE IN CAMMINO,2038-3711
AMMINISTRAZIONE ITALIANA,0303-9722
ANALECTA PAPYROLOGICA,1122-2336
ANALES DE DERECHO,1989-5992
ANALES DE LA CATEDRA FRANCISCO SUAREZ,0008-7750
ANALI PRAVNOG FAKULTETA U BEOGRADU,0003-2565
ANALISI E DIRITTO,1126-5779
ANALISI GIURIDICA DELL'ECONOMIA,1720-951X
ANALISIS FILOSOFICO,0326-1301
ANKARA LAW REVIEW,1305-0575
ANNAEUS,1699-7301
ANNALES,0395-2649
ANNALES HISTORIQUES DE LA RÉVOLUTION FRANÇAISE,0003-4436
ANNALES HISTORIQUES DE LA RÉVOLUTION FRANÇAISE,1952-403X
ANNALES INTERNATIONALES DE CRIMINOLOGIE,0003-4452
ANNALES UNIVERSITATIS APULENSIS. SERIES PAEDAGOGICA-PSYCHOLOGICA,1582-5558
ANNALI - FONDAZIONE LELIO E LISLI BASSO-ISSOCO,0392-0003
ANNALI DEL SEMINARIO GIURIDICO,1593-3903
ANNALI DEL SEMINARIO GIURIDICO (AUPA),1972-8441
ANNALI DEL SEMINARIO GIURIDICO DELL' UNIVERSITÀ DI PALERMO,1972-8433
ANNALI DELLA FACOLTA' DI ECONOMIA,1724-398X
ANNALI DELLA FACOLTÀ DI ECONOMIA - UNIVERSITÀ DEGLI STUDI DI CAGLIARI,1594-0780
ANNALI DELLA FACOLTÀ DI ECONOMIA DI BENEVENTO,.
ANNALI DELLA FACOLTÀ DI ECONOMIA E COMMERCIO,0543-5579
ANNALI DELLA FACOLTÀ DI ECONOMIA. UNIVERSITÀ DI PALERMO,1827-8388
ANNALI DELLA FACOLTÀ DI GIURISPRUDENZA DI GENOVA,1591-8734
ANNALI DELLA FACOLTÀ DI GIURISPRUDENZA DI TARANTO,.
ANNALI DELLA FACOLTÀ DI SCIENZE DELLA FORMAZIONE UNIVERSITÀ DEGLI STUDI DI CATANIA,2038-1328
ANNALI DELLA FACOLTÀ DI SCIENZE DELLA FORMAZIONE UNIVERSITÀ DEGLI STUDI DI CATANIA,2039-4934
ANNALI DELLA FACOLTÀ GIURIDICA,2281-3063
ANNALI DELLA FONDAZIONE LUIGI EINAUDI,0531-9870
ANNALI DELLA FONDAZIONE UGO LA MALFA,1826-8854
ANNALI DELLA FONDAZIONE UGO SPIRITO,1121-1903
ANNALI DELLA SCUOLA NORMALE SUPERIORE DI PISA. CLASSE DI LETTERE E FILOSOFIA,0392-095X
ANNALI DELL'ISTITUTO DI DIRITTO E PROCEDURA PENALE,1126-3229
ANNALI DELL'ISTITUTO ITALIANO PER GLI STUDI STORICI,0578-9931
ANNALI DELL'ISTITUTO STORICO ITALO-GERMANICO IN TRENTO,0392-0011
ANNALI DELL'UNIVERSITÀ DI FERRARA. NUOVA SERIE. SEZIONE 5: SCIENZE GIURIDICHE,.
ANNALI DELL'UNIVERSITÀ DI FERRARA. SEZIONE STORIA,1825-7569
ANNALI DI ARCHEOLOGIA E STORIA ANTICA,1127-7130
ANNALI DI IGIENE MEDICINA PREVENTIVA E DI COMUNITÀ,1120-9135
ANNALI DI STORIA DELLE UNIVERSITÀ ITALIANE,1127-8250
ANNALI DI STORIA DI FIRENZE,1827-6946
ANNALI DI STUDI RELIGIOSI,1592-5927
ANNALI DI STUDI RELIGIOSI,2284-3892
ANNALI ONLINE DELL'UNIVERSITÀ DI FERRARA. SEZIONE LETTERE,1826-803X
ANNALI. ACCADEMIA ITALIANA DI SCIENZE FORESTALI,0515-2178
ANNALI. ACCADEMIA NAZIONALE DI AGRICOLTURA,0001-4443
"ANNALI. DIPARTIMENTO DI SCIENZE GIURIDICO-SOCIALI E DELL'AMMINISTRAZIONE DELL'UNIVERSITÀ DEGLI STUDI DELMOLISE",1590-1491
ANNALI-ISTITUTO SUOR ORSOLA BENINCASA,2037-5859
ANNALI-UNIVERSITÀ DEGLI STUDI SUOR ORSOLA BENINCASA,2037-5867
ANNALS OF AIR AND SPACE LAW,0701-158X
ANNUAIRE DE DROIT EUROPÉEN,1782-4583
ANNUAIRE DU DROIT DE LA MER,1283-8381
ANNUAIRE FRANÇAIS DE DROIT INTERNATIONAL,0066-3085
ANNUAIRE INTERNATIONAL DE JUSTICE CONSTITUTIONNELLE,0995-3817
ANNUAL SURVEY OF INTERNATIONAL & COMPARATIVE LAW,1932-2364
ANNUARIO - ASSOCIAZIONE ITALIANA DEI PROFESSORI DI DIRITTO AMMINISTRATIVO,1722-4454
ANNUARIO DEL CENTRO STUDI GIOVANNI VAILATI,.
ANNUARIO DI DIRITTO COMPARATO E DI STUDI LEGISLATIVI,2039-9871
ANNUARIO DI DIRITTO TEDESCO,.
ANNUARIO DIRECOM,1660-4032
ANNUARIO FILOSOFICO,0394-1809
ANNUARIUM HISTORIAE CONCILIORUM,0003-5157
ANTHROPOTES,1120-2874
ANTIGONE,1828-437X
ANTIGONE,1828-437X
ANTIQUITÉ TARDIVE,1250-7334
ANTIRICICLAGGIO & 231 DEL 2001,2239-0308
ANTITRUST BULLETIN,0003-603X
ANTROPOLOGIA & DERECHO,.
ANUÁRIO BRASILEIRO DE DIREITO INTERNACIONAL,1980-9484
ANUARIO CORUÑÉS DE DERECHO COMPARADO DEL TRABAJO,1889-4224
ANUARIO DA FACULTADE DE DEREITO DA UNIVERSIDADE DA CORUÑA,1138-039X
ANUARIO DE ACCIÓN HUMANITARIA Y DERECHOS HUMANOS,1885-298X
ANUARIO DE DERECHO CIVIL,0210-301X
ANUARIO DE DERECHO CONCURSAL,1698-997X
ANUARIO DE DERECHO ECLESIÁSTICO DEL ESTADO,0213-8123
ANUARIO DE DERECHO INTERNACIONAL,0212-0747
ANUARIO DE DERECHO MARÍTIMO,0211-8432
ANUARIO DE DERECHO PENAL Y CIENCIAS PENALES,0210-3001
ANUARIO DE DERECHOS HUMANOS,0212-0364
ANUARIO DE FILOSOFÍA DEL DERECHO,0518-0872
ANUARIO DE HISTORIA DEL DERECHO ESPANOL,0304-4319
ANUARIO DE JUSTICIA DE MENORES,1579-4784
ANUARIO DEL GOBIERNO LOCAL,2013-4924
ANUARIO ESPAÑOL DE DERECHO INTERNACIONAL PRIVADO,1578-3138
ANUARIO IBEROAMERICANO DE JUSTICIA CONSTITUCIONAL,1138-4824
ANUARIO MEXICANO DE DERECHO INTERNACIONAL,1870-4654
APERTACONTRADA,2039-8018
APHEX,2036-9972
APOLLINARIS,0392-2359
APPALTI & CONTRATTI,1827-9716
APPLIED FINANCIAL ECONOMICS,0960-3107
APUNTES FILOSÓFICOS,1316-7553
AQUINAS,0003-7362
ARANZADI CIVIL,1133-0198
ARANZADI SOCIAL,1139-031X
ARANZADI SOCIAL. REVISTA DOCTRINAL,1889-1209
ARAUCARIA,1575-6823
ARBEIT UND RECHT,0003-7648
ARBITRAJE,1888-5373
ARBITRATION INTERNATIONAL,0957-0411
ARCHAEOLOGIA MARITIMA MEDITERRANEA,1724-6091
ARCHIV DES ÖFFENTLICHEN RECHTS,0003-8911
ARCHIV DES VOELKERRECHTS,0003-892X
ARCHIV FÜR DIE CIVILISTISCHE PRAXIS,0003-8997
ARCHIV FÜR KATHOLISCHES KIRCHENRECHT,0003-9160
ARCHIVES DE PHILOSOPHIE DU DROIT,0066-6564
ARCHIVES DE POLITIQUE CRIMINELLE,0242-5637
ARCHIVIO CIVILE,1720-4267
ARCHIVIO DELLA NUOVA PROCEDURA PENALE,1120-687X
ARCHIVIO DI DIRITTO E STORIA COSTITUZIONALI,2281-1826
ARCHIVIO DI FILOSOFIA,0004-0088
ARCHIVIO DI MEDICINA LEGALE E DELLE ASSICURAZIONI,0392-5145
ARCHIVIO GIURIDICO,1122-6706
ARCHIVIO GIURIDICO DELLA CIRCOLAZIONE E DEI SINISTRI STRADALI,0518-3510
ARCHIVIO GIURIDICO DELLE OPERE PUBBLICHE,0393-1374
ARCHIVIO GIURIDICO FILIPPO SERAFINI,0391-5646
ARCHIVIO PENALE,0004-0304
ARCHIVIO SCIALOJA-BOLLA. ANNALI DI STUDI SULLA PROPRIETÀ COLLETTIVA,.
ARCHIVIO STORICO DEL SANNIO,1122-3022
ARCHIVIO STORICO E GIURIDICO SARDO DI SASSARI,.
ARCHIVIO STORICO E GIURIDICO SARDO DI SASSARI,2240-4864
ARCHIVIO STORICO ITALIANO,0391-7770
ARCHIVIO STORICO LOMBARDO,0392-0232
ARCHIVIO STORICO MESSINESE,1122-701X
ARCHIVIO STORICO PER LE PROVINCE NAPOLETANE,0392-0267
ARCHIVIO STORICO PER LE PROVINCE PARMENSI,0392-0283
ARCHIVIO STORICO TICINESE,0004-0371
ARCHIVO DOMINICANO,0211-5255
ARCHIVO TEOLOGICO GRANADINO,0210-1629
ARCHIVUM BOBIENSE,0392-0305
ARCTIC REVIEW ON LAW AND POLITICS,1891-6252
ARGOMENTI,1125-9116
ARGUMENTATION,0920-427X
ARS AEQUI,0004-2870
ARS INTERPRETANDI,1722-8352
ARS IURIS,0188-5782
ARSP. ARCHIV. FUR RECHTS- UND SOZIALPHILOSOPHIE,0001-2343
ART DU COMPRENDRE,1254-6321
ARTIFICIAL INTELLIGENCE,0004-3702
ARTIFICIAL INTELLIGENCE AND LAW,0924-8463
ASIAN JOURNAL OF AIR AND SPACE LAW,2250-1789
ASIAN JOURNAL OF INTERNATIONAL LAW,0973-5097
ASIAN YEARBOOK OF INTERNATIONAL LAW,0928-432X
ASPRENAS,0004-4970
ASSICURAZIONI,0004-511X
ASSOCIATIONS,0949-7722
ASTRID RASSEGNA,2038-1662
ASTROLABIO,1699-7549
ATENE E ROMA,0004-6493
ATHENAEUM,0004-6574
ATQUE,1120-9364
"ATTI - ISTITUTO VENETO DI SCIENZE, LETTERE ED ARTI. CLASSE DI SCIENZE MORALI, LETTERE ED ARTI",0392-1336
ATTI DELLA ACCADEMIA LIGURE DI SCIENZE E LETTERE,1122-651X
"ATTI DELLA ACCADEMIA NAZIONALE DEI LINCEI. RENDICONTI. CLASSE DI SCIENZE MORALI, STORICHE E FILOLOGICHE",0391-8181
"ATTI DELLA PONTIFICIA ACCADEMIA ROMANA DI ARCHEOLOGIA. SERIE III, RENDICONTI",1019-9500
ATTI DELLA REALE ACCADEMIA DELLE SCIENZE DI TORINO,1122-1364
ATTI DELLA SOCIETÀ LIGURE DI STORIA PATRIA,2037-7134
ATTI DELL'ACCADEMIA DELLE SCIENZE DELL'ISTITUTO DI BOLOGNA. CLASSE DI SCIENZE MORALI. RENDICONTI,1122-4142
ATTI DELL'ACCADEMIA PONTANIANA,1121-9238
ATTI E MEMORIE - DEPUTAZIONE DI STORIA PATRIA PER LE PROVINCIE DI ROMAGNA,0393-7240
ATTI E MEMORIE - DEPUTAZIONE PROVINCIALE FERRARESE DI STORIA PATRIA,0392-0313
ATTI E MEMORIE DELL'ACCADEMIA TOSCANA DI SCIENZE E LETTERE LA COLOMBARIA,0392-0836
ATTI E MEMORIE. ATTI - ACCADEMIA NAZIONALE DI SCIENZE LETTERE E ARTI DI MODENA,1724-0182
"ATTI E MEMORIE. MEMORIE SCIENTIFICHE, GIURIDICHE, LETTERARIE. ACCADEMIA NAZIONALE DI SCIENZE LETTERE EARTI DI MODENA",1724-0174
ATTUALITÀ LACANIANA,1828-1958
AUFKLÄRUNG UND KRITIK,0945-6627
AUT AUT,0005-0601
AUTONOMOUS AGENTS AND MULTI-AGENT SYSTEMS,1387-2532
AVANT,2082-6710
AWR BULLETIN,.
AZIENDITALIA FINANZA E TRIBUTI,1590-1785
B@BELONLINE.PRINT,1974-8558
BANCA BORSA E TITOLI DI CREDITO,0390-9522
BANCA IMPRESA SOCIETÀ,1120-9453
BANCARIA,0005-4623
BANCHE E BANCHIERI,0390-1378
BANKING & FINANCE LAW REVIEW,0832-8722
BEHEMOTH,.
BEIJING LAW REVIEW,2159-4627
BELFAGOR,0005-8351
BENI E ATTIVITÀ CULTURALI,.
BERKELEY JOURNAL OF INTERNATIONAL LAW,1085-5718
BETWEEN,2039-6597
BIBLIOMANIE,2280-8833
BIBLIOTECA DELLA LIBERTÀ,2035-5866
BIBLIOTECA ELETTRONICA SU MONTESQUIEU E DINTORNI,2035-5769
BIBLIOTIME,1128-3564
BIJIAOFA YANJIU,1004-8561
BILANCIO E REDDITO D'IMPRESA,2039-5566
BIODIRITTO,2280-9945
BIOETHICS,1467-8519
BIOETICA,1122-2344
BIOPRESERVATION AND BIOBANKING,1947-5535
BOLETIM DA FACULDADE DE DIREITO DA UNIVERSIDADE DE COIMBRA,0303-9773
BOLETIM DE CIÊNCIAS ECONÓMICAS,0870-4260
BOLETIM DE EDUCAÇÃO MATEMATICA,1517-283X
BOLETÍN - INSTITUTO DE FILOSOFÍA DEL DERECHO DR. JOSÉ MANUEL DELGADO OCANDO,1315-3269
BOLETIN MEXICANO DE DERECHO COMPARADO,0041-8633
BOLLETTINO - OPERA DEL VOCABOLARIO ITALIANO,1591-8254
BOLLETTINO DEL CENTRO DI STUDI VICHIANI,0392-7334
BOLLETTINO DELLA DEPUTAZIONE DI STORIA PATRIA PER L'UMBRIA,0300-4422
BOLLETTINO DELLA SOCIETÀ PAVESE DI STORIA PATRIA,2239-2254
"BOLLETTINO DELLA SOCIETÀ PER GLI STUDI STORICI, ARCHEOLOGICI ED ARTISTICI DELLA PROVINCIA DI CUNEO",0392-0402
BOLLETTINO DI STUDI LATINI,0006-6583
BOLLETTINO STORICO PIACENTINO,0006-6591
BOLLETTINO STORICO PISANO,0391-1780
BOLLETTINO STORICO-BIBLIOGRAFICO SUBALPINO,0391-6715
BOLLETTINO TELEMATICO DI FILOSOFIA POLITICA,1591-4305
BOLLETTINO TRIBUTARIO D'INFORMAZIONI,0006-6893
BORDERLANDS E-JOURNAL,1447-0810
BOSTON COLLEGE INTERNATIONAL AND COMPARATIVE LAW REVIEW,0277-5778
BRACTON LAW JOURNAL,0308-4574
BRIDGES TRADE BIORES,1996-9198
BRITISH JOURNAL OF CRIMINOLOGY,0007-0955
BRITISH TAX REVIEW,0007-1870
BRITISH YEAR BOOK OF INTERNATIONAL LAW,2044-9437
BROOKLYN JOURNAL OF INTERNATIONAL LAW,0740-4824
BRYN MAWR CLASSICAL REVIEW,1063-2948
BUFFALO LAW REVIEW,0023-9356
BULLETIN,1010-9153
BULLETIN DE DROIT COMPARÉ DU TRAVAIL ET DE LA SÉCURITÉ SOCIALE,0753-2601
BULLETIN DE LA COUR INTERNATIONALE D'ARBITRAGE DE LA CCI,1017-2831
BULLETIN FOR INTERNATIONAL TAXATION,1819-5490
BULLETIN KUNST UND RECHT,2222-7407
BULLETIN OF ITALIAN POLITICS,1759-3077
BULLETIN OF LEGAL DEVELOPMENTS,0007-4969
BULLETTINO DELL'AGRICOLTURA. ATTI DELLA SOCIETÀ AGRARIA DI LOMBARDIA,1591-4445
BULLETTINO DELL'ISTITUTO DI DIRITTO ROMANO 'VITTORIO SCIALOJA',0391-1810
BULLETTINO DELL'ISTITUTO STORICO ITALIANO PER IL MEDIO EVO,1127-6096
BULLETTINO SENESE DI STORIA PATRIA,0391-7568
BUSINESS ETHICS QUARTERLY,1052-150X
BUSINESS LAW REVIEW,0143-6295
BUTTERWORTHS JOURNAL OF INTERNATIONAL BANKING AND FINANCIAL LAW,0269-2694
BYZANTINISCHE ZEITSCHRIFT,0007-7704
CADERNOS DA ESCOLA DE DIREITO E RELAÇÕES INTERNACIONAIS DA UNIBRASIL,1678-2933
CADERNOS JURÍDICOS,2177-4862
CAHIERS DE DÉFENSE SOCIALE,0223-582X
CAHIERS DE DROIT DE L'ENTREPRISE,1779-0778
CAHIERS DE DROIT EUROPÉEN,0007-9758
CAHIERS DE DROIT FISCAL INTERNATIONAL,0168-0455
CAHIERS DE LA RECHERCHE SUR LES DROITS FONDAMENTAUX,1634-8842
CAHIERS DE LEXICOLOGIE,0007-9871
CAHIERS DI SCIENZE SOCIALI,2284-1350
CAHIERS DU CENTRE G. GLOTZ,1016-9008
CAHIERS SIMONE WEIL,0181-1126
CAIETE DE DREPT PENAL,1841-6047
CALASS,1988-7914
CALIFORNIA ITALIAN STUDIES,2155-7926
CAMBRIDGE INTERNATIONAL LAW JOURNAL,2050-1706
CANADIAN DIVERSITY,1711-1870
CANADIAN INTELLECTUAL PROPERTY REVIEW,0825-7256
CANADIAN JOURNAL OF LAW AND SOCIETY,0829-3201
CAPITAL MARKETS LAW JOURNAL,1750-7219
CAPÍTULO CRIMINOLÓGICO,0798-9598
CAPYS. RIVISTA DI STORIA E SCIENZE RELIGIOSE,2239-5423
CARBON AND CLIMATE LAW REVIEW,1864-9904
CARDOZO ARTS & ENTERTAINMENT LAW JOURNAL,0736-7694
CARDOZO JOURNAL OF INTERNATIONAL & COMPARATIVE LAW,1069-3181
CARDOZO LAW REVIEW,0270-5192
"ČASOPIS ZA DRUŠTVENA ISTRAŽIVANJA",1840-3131
CASSAZIONE PENALE,1125-856X
CE FASTU?,1828-4302
CELL PRESERVATION TECHNOLOGY,1538-344X
"ČESKÉ PRÁVO ŽIVOTNÍHO PROSTŘEDNÍ",1213-5542
CHARITY LAW & PRACTICE REVIEW,0966-4041
CHEIRON,1127-8951
CHICAGO-KENT LAW REVIEW,0009-3599
CHINA-EU LAW JOURNAL,1868-5161
CHINESE JOURNAL OF INTERNATIONAL LAW,1540-1650
CHRISTIAN BIOETHICS,1380-3603
CIBERSPAZIO E DIRITTO,1591-9544
CICERONIANA,0009-6687
CIENCIA TOMISTA,0210-0398
CIRIEC ESPAÑA. REVISTA JURÍDICA DE ECONOMÍA SOCIAL Y COOPERATIVA,1577-4430
"CITÉS PHILOSOPHIE, POLITIQUE, HISTOIRE",1299-5495
CITIZENSHIP STUDIES,1362-1025
CIVIL JUSTICE QUARTERLY,0261-9261
CIVIL PROCEDURE REVIEW,2191-1339
CIVILTA' EUROPEA,.
CIVITAS,0009-8191
CIVITAS ET IUSTITIA,.
CIVITAS EUROPA,1290-9653
CIVITAS. REVISTA ESPAÑOLA DE DERECHO DEL TRABAJO,0212-6095
CIVITAS. REVISTA ESPAÑOLA DE DERECHO EUROPEO,1579-6302
CIVITAS. REVISTA ESPAÑOLA DE DERECHO FINANCIERO,0210-8453
CLASSICA ET CHRISTIANA,1842-3043
CLIO,0391-6731
CLIO,0884-2043
CLIO @ THEMIS,2105-0929
COGENCY,0718-8285
COGNITIO,1518-7187
COLLOQUI GIURIDICI SUL LAVORO,.
COLUMBIA JOURNAL OF LAW & THE ARTS,1544-4848
COLUMBIA JOURNAL OF TRANSNATIONAL LAW,0010-1931
COMMERCIO INTERNAZIONALE,1126-1617
COMMON MARKET LAW REVIEW,0165-0750
COMMUNICATIONS & STRATEGIES,1157-8637
COMMUNITAS,1825-4993
COMPARATIVE LABOR LAW & POLICY JOURNAL,1095-6654
COMPARATIVE LAW EJOURNAL,.
COMPARATIVE LAW REVIEW,0866-9449
COMPARATIVE LAW REVIEW,2038-8985
COMPARATIVE LAW REVIEW,2038-8993
COMPARATIVE LEGAL HISTORY,2049-677X
COMPARATIVE LEGILINGUISTICS,2080-5926
COMPARATIVE SOCIOLOGY,1569-1322
COMPARAZIONE E DIRITTO CIVILE,2037-5662
COMPETITION LAW INSIGHT,1478-5188
COMPETITION LAW INTERNATIONAL,1817-5708
COMPUTATIONAL AND MATHEMATICAL ORGANIZATION THEORY,1381-298X
COMPUTER AND TELECOMMUNICATIONS LAW REVIEW,1357-3128
COMPUTER LAW & SECURITY REVIEW,0267-3649
COMPUTER PROGRAMMING,1123-8526
COMUNICARE,1827-0905
COMUNICAZIONI E STUDI,1971-5390
CONCORRENZA E MERCATO,1720-2698
CONCURRENCES,2116-0090
CONFINES,1870-3569
CONFLITTI GLOBALI,.
CONFRONTI,1125-0658
CONSTITUTIONS,2114-5261
CONSULTA ONLINE,1971-9892
"CONSUMATORI, DIRITTI E MERCATO",1590-1661
CONTABILITÀ FINANZA E CONTROLLO,2038-8896
CONTEMPORANEA,1127-3070
CONTRATS CONCURRENCE CONSOMMATION,1156-8291
CONTRATTO E IMPRESA,1123-5055
CONTRATTO E IMPRESA. EUROPA,1127-2872
COOPERATIVE E CONSORZI,1721-5641
COOPERAZIONE DI CREDITO,0010-8480
CORNELL INTERNATIONAL LAW JOURNAL,0010-8812
CORPORATE OWNERSHIP & CONTROL,1727-9232
CORPORATE PRACTICE COMMENTATOR,0010-8995
CORRIERE TRIBUTARIO,1590-8100
COSCIENZA E LIBERTÀ,0394-2732
COSMOPOLIS,1828-6771
COSMOPOLIS,1828-9231
COSTITUZIONALISMO.IT,2036-6744
COUNSELING,1974-1014
CREDITO COOPERATIVO,1125-9043
"CRIME, HISTOIRE & SOCIÉTÉS",1422-0857
CRIMINAL LAW AND PHILOSOPHY,1871-9791
CRIMINAL LAW FORUM,1046-8374
CRIMINALIA,1972-3857
CRÍTICA,0011-1503
CRITICA DEL DIRITTO,0390-0657
CRITICA DEL DIRITTO,1824-4564
CRITICA PENAL Y PODER,2014-3753
CRITICA PENALE,0390-8844
CRITICAL STUDIES IN IMPROVISATION,1712-0624
CRMINOGENESIS,1870-9524
CRÓNICA JURÍDICA HISPALENSE,1887-2689
CUADERNOS CONSTITUCIONALES DE LA CÁTEDRA FADRIQUE FURIÓ CERIOL,1135-0679
CUADERNOS DE BIOÉTICA,0328-8390
CUADERNOS DE BIOÉTICA,1132-1989
CUADERNOS DE DERECHO LOCAL,1696-0955
CUADERNOS DE DERECHO PÚBLICO,1989-8967
CUADERNOS DE DERECHO TRANSNACIONAL,1989-4570
CUADERNOS DE DOCTRINA Y JURISPRUDENCIA PENAL,0328-3909
CUADERNOS DE DOCTRINA Y JURISPRUDENCIA PENAL,1851-8834
CUADERNOS DE POLITICA CRIMINAL,0210-4059
CUADERNOS DEL INSTITUTO ANTONIO DE NEBRIJA DE ESTUDIOS SOBRE LA UNIVERSIDAD,1139-6628
CUADERNOS ELECTRÓNICOS DE DERECHOS HUMANOS Y DEMOCRACIA,2174-1190
CUADERNOS ELECTRÓNICOS DE FILOSOFÍA DEL DERECHO,1138-9877
CUADERNOS KÓRE,1889-9285
CUADERNOS SALMANTINOS DE FILOSOFIA,0210-4857
CUESTIONES CONSTITUCIONALES,1405-9193
CULTURA E DIRITTI,2280-6334
CULTURA E DIRITTI,2282-5657
CULTURE DELLA SOSTENIBILITÀ,1972-5817
CULTURES ET CONFLITS,1157-996X
CURENTUL JURIDIC,1224-9173
CURRENT OPINION IN ORGAN TRANSPLANTION,1087-2418
D & G. DIRITTO & GIUSTIZIA,1590-9255
D & G. DIRITTO E GIUSTIZIA,1590-9247
D & L. RIVISTA CRITICA DI DIRITTO DEL LAVORO,1128-1561
DADA,2240-0192
DAEDALUS,1970-2175
DÁIMON,0326-730X
DANNO E RESPONSABILITÀ,1125-8918
DARKMATTER,2041-3254
DAVAR,.
DÉCALAGES,1948-5840
DEI DELITTI E DELLE PENE,1590-5837
DELITO Y SOCIEDAD,0328-0101
DEMOCRAZIA E DIRITTO,0416-9565
DEMOCRAZIA E DIRITTO,1972-5590
DEMOCRAZIA E SICUREZZA,2239-804X
DENVER JOURNAL OF INTERNATIONAL LAW AND POLICY,0196-2035
"DEP. DEPORTATE, ESULI, PROFUGHE",1824-4483
DER STAAT,0038-884X
DER STRAFVERTEIDIGER,0720-1605
DERECHO COMERCIAL Y DE LAS OBLIGACIONES,1851-1805
DERECHO DE FAMILIA,1851-1201
DERECHO DE FAMILIA Y DE LAS PERSONAS,1852-8708
"DERECHO LABORAL. REVISTA DE DOCTRINA, JURISPRUDENCIA E INFORMACIONES SOCIALES",0797-2148
DERECHO PENAL CONTEMPORÁNEO,0045-9992
DERECHO PUC,0251-3420
DERECHO TRIBUTARIO,0327-4101
DERECHO TRIBUTARIO GLOBAL,1852-8805
DERECHO Y RELIGIÓN,1887-3243
DERECHO Y SOCIEDAD,.
DERECHOS Y LIBERTADES,1133-0937
DERECHOS Y VALORES,0121-182X
DEREITO,1132-9947
DERIVATIVES & FINANCIAL INSTRUMENTS,1389-1863
DEUTSCHE ZEITSCHRIFT FÜR PHILOSOPHIE,0012-1045
DEUTSCHES VERWALTUNGSBLATT,0012-1363
DEVENIRES,1665-3319
DÉVIANCE ET SOCIÉTÉ DEVIANCE ET SOCIETE,0378-7931
DIALEGESTHAI,1128-5478
DIALOGHI,1593-5760
DIALOGHI DEL DIRITTO DELL'AVVOCATURA DELLA GIURISDIZIONE,.
DIALOGHI DI DIRITTO TRIBUTARIO,1825-0394
DIALOGHI TRIBUTARI,1974-1286
DIALOGUE,0012-2173
DIALOGUES D'HISTOIRE ANCIENNE,0755-7256
DIANOIA,1125-1514
"DIANOIA, ANUARIO DE FILOSOFIA",0185-2450
DIE OFFENTLICHE VERWALTUNG,0029-859X
DIE VERWALTUNG,0042-4498
DIFFERENCES,1040-7391
"DIGESTO DELLE DISCIPLINE PRIVATISTICHE, SEZIONE CIVILE",1972-8328
"DIGESTO DELLE DISCIPLINE PRIVATISTICHE, SEZIONE COMMERCIALE",1972-8336
DIGESTO DELLE DISCIPLINE PUBBLICISTICHE,.
DIGNITAS,1408-9653
DIKE,1128-8221
DIKE,1593-0351
DIKE KAI NOMOS,2239-0529
DIMENSIONI E PROBLEMI DELLA RICERCA STORICA,1125-517X
DIONYSIANA,1843-9489
DIPAV QUADERNI,1721-7199
DIRCOMM.IT,.
DIREITO & POLITICA,2182-7583
DIREITO DAS SOCIEDADES EM REVISTA,1647-2586
DIREITO E DEMOCRACIA,1518-1685
DIREITO PÚBLICO,1806-8200
DIREITO TRIBUTARIO ATUAL,1415-8124
DIREITOS CULTURAIS,1980-7805
DIREITOS FUNDAMENTAIS & JUSTIÇA,1982-1921
DIREONLINE,.
DIRITTI FONDAMENTALI,2240-9823
DIRITTI LAVORI MERCATI,1722-7666
DIRITTI UMANI E DIRITTO INTERNAZIONALE,1971-7105
DIRITTO & FORMAZIONE,1720-2671
DIRITTO & QUESTIONI PUBBLICHE,1825-0173
DIRITTO ALIMENTARE,2239-7140
DIRITTO AMMINISTRATIVO,1720-4526
DIRITTO COMUNITARIO E DEGLI SCAMBI INTERNAZIONALI,0391-6111
DIRITTO DEI TRASPORTI,1123-5802
DIRITTO DEL COMMERCIO INTERNAZIONALE,1593-2605
DIRITTO DEL MERCATO DEL LAVORO,1590-4911
DIRITTO DEL TURISMO,1722-5655
DIRITTO DELLA BANCA E DEL MERCATO FINANZIARIO,1722-8360
DIRITTO DELLE RELAZIONI INDUSTRIALI,1121-8762
DIRITTO DELL'INTERNET,1825-6872
DIRITTO DELLO SPORT,2284-3361
DIRITTO DI AUTORE E NUOVE TECNOLOGIE,1827-4218
DIRITTO DI FAMIGLIA E DELLE PERSONE,0390-1882
DIRITTO E CULTURA,1824-4572
DIRITTO E FISCALITÀ DELL'ASSICURAZIONE,2283-7205
DIRITTO E FORMAZIONE,.
DIRITTO E GESTIONE DELL'AMBIENTE,1593-4225
DIRITTO E GIURISPRUDENZA,0012-3439
DIRITTO E GIURISPRUDENZA AGRARIA E DELL'AMBIENTE,1593-7208
"DIRITTO E GIURISPRUDENZA AGRARIA, ALIMENTARE E DELL'AMBIENTE",1828-4698
DIRITTO E GIUSTIZIA MINORILE,2280-4323
DIRITTO E LAVORO NELLE MARCHE,1824-193X
DIRITTO E POLITICHE DELL'UNIONE EUROPEA,.
DIRITTO E PRATICA AMMINISTRATIVA,1974-207X
DIRITTO E PRATICA DEL LAVORO,1591-2132
"DIRITTO E PRATICA DEL LAVORO, ORO",1120-7965
DIRITTO E PRATICA DELL'AVIAZIONE CIVILE,0391-2434
DIRITTO E PRATICA DELLE SOCIETÀ,1720-4291
DIRITTO E PRATICA TRIBUTARIA,0012-3447
DIRITTO E PRATICA TRIBUTARIA INTERNAZIONALE,1594-199X
DIRITTO E PRATICA TRIBUTARIA INTERNAZIONALE,1826-6770
DIRITTO E PROCESSO,1722-1110
DIRITTO E PROCESSO AMMINISTRATIVO,1971-6974
DIRITTO E RELIGIONI,1970-5301
DIRITTO E SOCIETÀ,0391-7428
DIRITTO ED ECONOMIA,0394-8366
DIRITTO ED ECONOMIA DEI MEZZI DI COMUNICAZIONE,1827-0395
DIRITTO ED ECONOMIA DELL'ASSICURAZIONE,1125-9302
DIRITTO IMMIGRAZIONE E CITTADINANZA,1720-433X
DIRITTO MERCATO TECNOLOGIA,2239-7442
DIRITTO PENALE CONTEMPORANEO,2039-1676
DIRITTO PENALE CONTEMPORANEO,2240-7618
DIRITTO PENALE E PROCESSO,1591-5611
DIRITTO PENALE XXI SECOLO,1720-5816
DIRITTO PRIVATO,1720-4305
DIRITTO PROCESSUALE AMMINISTRATIVO,0393-1315
DIRITTO PUBBLICO,1721-8985
DIRITTO PUBBLICO COMPARATO ED EUROPEO,1720-4313
DIRITTO ROMANO ATTUALE,1128-8655
DIRITTO SANITARIO MODERNO,0416-024X
"DIRITTO, ECONOMIA E TECNOLOGIE DELLA PRIVACY",2239-7671
DIRITTO@STORIA,1825-0300
DISCUSIONES,1515-7326
DOCUMENTACION ADMINISTRATIVA,0012-4494
DOLENTIUM HOMINUM,1022-8659
DOSSIER EUROPA,.
DOVENSCHMIDT QUARTERLY,2211-9973
DOXA,0214-8676
DROIT ADMINISTRATIF,0419-7461
DROIT DE LA FAMILLE,1270-9824
DROIT ET PROCÉDURES,1627-5977
DROIT ET RELIGIONS. ANNUAIRE,1779-2754
DROIT ET SOCIÉTÉ,0769-3362
DROIT SOCIAL,0012-6438
DROITS,0766-3838
DRUGS-EDUCATION PREVENTION AND POLICY,0968-7637
E C TAX JOURNAL,1350-1089
EC TAX REVIEW,0928-2750
ECCLESIASTICAL LAW JOURNAL,0956-618X
ECOLEX,1022-9418
ECOLOGICAL ECONOMICS,0921-8009
E-COMPETITIONS,2116-0201
ECONOMIA & AMBIENTE,1593-9499
ECONOMIA & DIRITTO AGROALIMENTARE,1826-0373
ECONOMIA & MANAGEMENT,1120-5032
ECONOMIA AZIENDALE ONLINE,2038-5498
ECONOMIA DEI SERVIZI,1970-4860
ECONOMIA DELLA CULTURA,1122-7885
ECONOMIA DELLE SCELTE PUBBLICHE,1120-7019
ECONOMIA E DIRITTO DEL TERZIARIO,1593-9464
ECONOMIA E POLITICA,2281-5260
ECONOMIA E POLITICA INDUSTRIALE,0391-2078
ECONOMIA E SOCIETÀ REGIONALE. OLTRE IL PONTE,1827-2479
ECONOMIA ITALIANA,0392-775X
ECONOMIA PUBBLICA,0390-6140
"ECONOMIA, AZIENDA E SVILUPPO",1971-1964
ECONOMIC PAPERS,0812-0439
ECTA GAZETTE,.
EDITH-STEIN-JAHRBUCH,0948-3063
E-HEALTH CARE,2038-4238
EICHELOS,.
EIDOS,1692-8857
EJOURNAL OF TAX RESEARCH,1448-2398
EL CRONISTA DEL ESTADO SOCIAL Y DEMOCRÁTICO DE DERECHO,1889-0016
EL DERECHO,1666-8987
E-LEARNING & KNOWLEDGE MANAGEMENT,.
ELECTION LAW JOURNAL,1533-1296
ELECTION LAW JOURNAL,1557-8062
ELECTRONIC JOURNAL OF COMPARATIVE LAW,1387-3091
ELITE E STORIA,.
"ÉLITES",1826-8919
EMBO REPORTS,1469-221X
EMPRESAS POLÍTICAS,1695-6117
ENERGY POLICY,0301-4215
ENTERTAINMENT LAW REVIEW,0959-3799
ENVIRONMENTAL POLICY AND LAW,0378-777X
EPHEMERA,1473-2866
EPHEMERIDES IURIS CANONICI,0013-9491
EPIDEMIOLOGIA E PREVENZIONE,1120-9763
EPIGENETICS,1559-2308
EPIGRAPHICA,0013-9572
EPITHEORISIS TOU EMPORIKOU DIKAIOU,1106-0808
EQUILIBRI,1594-7580
ERA-FORUM,1612-3093
ERA-FORUM,1727-6926
ERASMUS LAW AND ECONOMICS REVIEW,1824-3886
ERASMUS LAW REVIEW,.
ESPAÇO JURÍDICO,1519-5899
ESTETICA,1824-3126
ESTETICA. STUDI E RICERCHE,2039-6635
ESTUDIOS CONSTITUCIONALES,0718-0195
ESTUDOS DE DIREITO DO CONSUMIDOR,1646-0375
ETHICA,1021-8122
ETHICS,0014-1704
ETHICS & INTERNATIONAL AFFAIRS,0892-6794
ETHIKOS,0895-5026
ETHOS,0860-8024
ETICA & POLITICA,1825-5167
ETICA E FILOSOFIA POLITICA,1414-3917
ETUDES SUR LE XVIIIE SIECLE,0772-1358
ETUDES TSIGANES,0014-2247
EUBIOS JOURNAL OF ASIAN AND INTERNATIONAL BIOETHICS,1173-2571
EUCRIM,1862-6947
EUNOMIA,2280-8949
EUNOMÍA. REVISTA EN CULTURA DE LA LEGALIDAD,2253-6655
EURASIA. RIVISTA DI STUDI GEOPOLITICI,1828-0692
EUREDIA,1780-7611
EUROFUTURE,1769-3195
EUROPA E DIRITTO,.
EUROPA E DIRITTO PRIVATO,1720-4542
EUROPA ETHNICA,0014-2492
EUROPAISCHE GRUNDRECHTE-ZEITSCHRIFT,0341-9800
EUROPÄISCHE ZEITSCHRIFT FÜR ARBEITSRECHT,1865-3030
EUROPARECHT,0531-2485
EUROPEAN BUSINESS LAW REVIEW,0959-6941
EUROPEAN BUSINESS ORGANIZATION LAW REVIEW,1566-7529
EUROPEAN COMMUNITY PRIVATE LAW REVIEW,1612-9229
EUROPEAN COMPANY AND FINANCIAL LAW REVIEW,1613-2548
EUROPEAN COMPANY AND FINANCIAL LAW REVIEW,1613-2556
EUROPEAN COMPANY LAW,1572-4999
EUROPEAN COMPETITION JOURNAL,1744-1056
EUROPEAN COMPETITION LAW REVIEW,0144-3054
EUROPEAN CONSTITUTIONAL LAW REVIEW,1574-0196
EUROPEAN CRIMINAL LAW REVIEW,2191-7442
EUROPEAN DIVERSITY AND AUTONOMY PAPERS,1827-8361
EUROPEAN ENERGY AND ENVIRONMENTAL LAW REVIEW,1879-3886
EUROPEAN ENVIRONMENTAL LAW REVIEW,0966-1646
EUROPEAN FOOD AND FEED LAW REVIEW,1862-2720
EUROPEAN FOREIGN AFFAIRS REVIEW,1384-6299
EUROPEAN INTEGRATION ONLINE PAPERS,1027-5193
EUROPEAN INTELLECTUAL PROPERTY REVIEW,0142-0461
EUROPEAN JOURNAL FOR EDUCATION LAW AND POLICY,1386-8349
"EUROPEAN JOURNAL OF CRIME, CRIMINAL LAW AND CRIMINAL JUSTICE",0928-9569
EUROPEAN JOURNAL OF CRIMINOLOGY,1477-3708
EUROPEAN JOURNAL OF HUMAN GENETICS,1018-4813
EUROPEAN JOURNAL OF INDUSTRIAL RELATIONS,0959-6801
EUROPEAN JOURNAL OF INTERNATIONAL LAW,0938-5428
EUROPEAN JOURNAL OF INTERNATIONAL MANAGEMENT,1751-6757
EUROPEAN JOURNAL OF LAW AND ECONOMICS,0929-1261
EUROPEAN JOURNAL OF LAW AND ECONOMICS,1572-9990
EUROPEAN JOURNAL OF LAW AND TECHNOLOGY,2042-115X
EUROPEAN JOURNAL OF LAW REFORM,1387-2370
EUROPEAN JOURNAL OF LEGAL EDUCATION,1684-1360
EUROPEAN JOURNAL OF LEGAL STUDIES,1973-2937
EUROPEAN JOURNAL OF MIGRATION AND LAW,1388-364X
EUROPEAN JOURNAL OF POLITICAL THEORY,1474-8851
EUROPEAN JOURNAL OF PRAGMATISM AND AMERICAN PHILOSOPHY,2036-4091
EUROPEAN JOURNAL OF RISK REGULATION,1867-299X
EUROPEAN JOURNAL OF SOCIAL LAW,2033-9755
EUROPEAN JOURNAL OF SOCIAL SECURITY,1388-2627
EUROPEAN LABOUR LAW JOURNAL,2031-9525
EUROPEAN LAW JOURNAL,1351-5993
EUROPEAN LAW JOURNAL,1468-0386
EUROPEAN LAW REVIEW,0307-5400
EUROPEAN PAPERS,2499-8249
EUROPEAN PUBLIC LAW,1354-3725
EUROPEAN PUBLIC PRIVATE PARTNERSHIP LAW REVIEW,1863-0987
EUROPEAN REVIEW OF CONTRACT LAW,1614-9920
EUROPEAN REVIEW OF HISTORY,1350-7486
EUROPEAN REVIEW OF HISTORY,1469-8293
EUROPEAN REVIEW OF PRIVATE LAW,0928-9801
EUROPEAN TAX SERVICE,1754-1646
EUROPEAN TAXATION,0014-3138
EUROPEAN YEARBOOK OF MINORITY ISSUES,1570-7865
EUROPEANRIGHTS NEWSLETTER,.
EUZW. EUROPÄISCHE ZEITSCHRIFT FÜR WIRTSCHAFTSRECHT,0937-7204
EX LEGE,2239-2513
FALLIMENTO & CRISI D'IMPRESA,1972-6929
FAMIGLIA E DIRITTO,1591-7703
FAMIGLIA E MINORI,.
"FAMIGLIA, PERSONE E SUCCESSIONI",1825-7941
FAMILIA,1592-9930
FAMILY COURT REVIEW,1531-2445
FAMZ,1819-3889
FEDERALISMI.IT,1826-3534
FEDERALISMO FISCALE,1973-5375
FILOSOFIA DEI DIRITTI UMANI,1129-972X
FILOSOFIA E QUESTIONI PUBBLICHE,1591-0660
FILOSOFIA E TEOLOGIA,1824-4963
FILOSOFIA POLITICA,0394-7297
FINANCIËEL FORUM. BANK- EN FINANCIEWEZEN,1376-7720
FINANZA LOCALE,0394-8307
FINANZIARIA,2240-3299
FISCALITÀ & COMMERCIO INTERNAZIONALE,2039-8549
FISCALITÀ INTERNAZIONALE,1723-4263
FISCALITAX,1973-7750
FOGLI DI LAVORO PER IL DIRITTO INTERNAZIONALE,1973-3585
FOLIA CANONICA,1419-0060
FOLIUM,1592-9353
FOOD AND CHEMICAL TOXICOLOGY,0278-6915
FOR,1828-1966
FORDHAM INTERNATIONAL LAW JOURNAL,0747-9395
FORENSIC SCIENCE INTERNATIONAL,0379-0738
FORME DI VITA,1973-3607
FORO,1698-5583
FORO TOSCANO. TOSCANA GIURISPRUDENZA,1721-081X
FOROEUROPA,2038-5161
FORUM CANONICUM,0872-0835
FORUM DI QUADERNI COSTITUZIONALI,.
FORUM DI QUADERNI COSTITUZIONALI RASSEGNA,2281-2113
FORUM FISCALE,1827-4153
FORUM HISTORIAE IURIS,1860-5605
FORUM WARE,0340-7705
FRONESIS,1315-6268
FRONTIERA D'EUROPA,1723-4611
FRONTIERS IN HUMAN NEUROSCIENCE,1662-5161
FRONTIERS OF LAW IN CHINA,1673-3428
FUNDAMENTOS,1575-3433
FUNZIONE PUBBLICA,0394-5251
GACETA PENAL & PROCESAL PENAL,2075-6305
GAMING LAW REVIEW AND ECONOMICS,.
GAZZETTA AMMINISTRATIVA DELLA REPUBBLICA ITALIANA,2240-2780
GAZZETTA AMMINISTRATIVA DELLA REPUBBLICA ITALIANA,2240-2799
GE,1592-8624
GENESIS,1594-9281
GENEVA PAPERS ON RISK AND INSURANCE-ISSUES AND PRACTICE,1018-5895
GERION,0213-0181
GERMAN LAW JOURNAL,2071-8322
GERMAN YEARBOOK OF INTERNATIONAL LAW,0344-3094
GESCHICHTE IN KÖLN,0720-3659
GEWERBLICHER RECHTSSCHUTZ UND URHEBERRECHT,0016-9420
GEWERBLICHER RECHTSSCHUTZ UND URHEBERRECHT. INTERNATIONALER TEIL,0435-8600
GIANO,1124-9021
GIORNALE DI DIRITTO AMMINISTRATIVO,1591-559X
GIORNALE DI DIRITTO DEL LAVORO E DI RELAZIONI INDUSTRIALI,1720-4321
GIORNALE DI FILOSOFIA,1827-5834
GIORNALE DI FILOSOFIA DELLA RELIGIONE,1826-6150
GIORNALE DI FILOSOFIA DELLA RELIGIONE,2284-2950
GIORNALE DI METAFISICA,0017-0372
GIORNALE DI STORIA CONTEMPORANEA,2037-7975
GIORNALE DI STORIA COSTITUZIONALE,1593-0793
GIORNALE ITALIANO DI OSTETRICIA E GINECOLOGIA,0391-9013
GIURISDIZIONE AMMINISTRATIVA,1828-4418
GIURISPRUDENZA ANNOTATA DI DIRITTO INDUSTRIALE,1720-4356
GIURISPRUDENZA COMMERCIALE,0390-2269
"GIURISPRUDENZA COMMERCIALE, SOCIETÀ E FALLIMENTO",1592-6974
GIURISPRUDENZA COSTITUZIONALE,0436-0222
GIURISPRUDENZA DEL LAVORO NEL LAZIO,1125-8365
GIURISPRUDENZA DELLE IMPOSTE,0391-1853
GIURISPRUDENZA DELLE IMPOSTE,1826-2430
GIURISPRUDENZA DI MERITO,0436-0230
GIURISPRUDENZA ITALIANA,1125-3029
GIURISPRUDENZA PIEMONTESE,1720-4380
GIURISPRUDENZA TRIBUTARIA SALERNITANA,.
GIUST.IT,1592-4726
GIUSTAMM.IT,1972-3431
GIUSTIZIA AMMINISTRATIVA,1591-9978
GIUSTIZIA AMMINISTRATIVA SICILIANA,.
GIUSTIZIA CIVILE,0017-0631
GIUSTIZIA CIVILE,2284-3779
GIUSTIZIA CIVILE.COM,2420-9651
GIUSTIZIA INSIEME,2036-5993
GIUSTIZIA TRIBUTARIA,1590-5381
GIVING,1972-8530
GLI STRANIERI,1720-4402
GLOBAL BANKING AND FINANCIAL POLICY REVIEW,1364-9159
GLOBAL BIOETHICS,1128-7462
GLOBAL COMMUNITY,1535-9468
GLOBAL COMPETITION LITIGATION REVIEW,1756-6002
GLOBAL COMPETITION REVIEW,1369-4561
GLOBAL HEALTH GOVERNANCE,1939-2389
GLOBAL JURIST,1934-2640
GLOBAL JURIST ADVANCES,1535-1661
GLOBAL JURIST FRONTIERS,1535-1653
GLOBAL JURIST TOPICS,1535-167X
GLOSSAE,2255-2707
GMBH-RUNDSCHAU,0016-3570
GNOMON,0017-1417
GOLTDAMMER'S ARCHIV FÜR STRAFRECHT,0017-1956
GOVERNARE LA PAURA,1974-4935
GREGORIANUM,0017-4114
GROTIANA,0167-3831
GROTIUS,1826-8862
GRUPPO DI PISA,2039-8026
GSTF JOURNAL OF LAW AND SOCIAL SCIENCES,2251-2853
GSTF JOURNAL ON BUSINESS REVIEW,2010-4804
GT: RIVISTA DI GIURISPRUDENZA TRIBUTARIA,1591-3961
GUARAGUAO,1137-2354
HAGUE JUSTICE JOURNAL,1877-3877
HARVARD INTERNATIONAL LAW JOURNAL,2153-2494
HARVARD LAW REVIEW,0017-811X
HARVARD NEGOTIATION LAW REVIEW,1556-0546
HASTINGS INTERNATIONAL AND COMPARATIVE LAW REVIEW,0149-9246
HASTINGS LAW JOURNAL,0017-8322
HEGEL-JAHRBUCH,0073-1579
HELMANTICA,0018-0114
HERMENEUTICA,1590-6833
HIGHER EDUCATION IN EUROPE,0379-7724
HIGHLIGHTS & INSIGHTS ON EUROPEAN TAXATION,.
HISTORIA CONSTITUCIONAL,1576-4729
HISTORIA ET IUS,2279-7416
HISTORIA MAGISTRA,2036-4040
HISTORÍA Y GRAFÍA,1405-0927
HISTÓRIA: DEBATES E TENDÊNCIAS,1517-2856
HISTORY OF ECONOMIC IDEAS,1122-8792
HISTORY OF EUROPEAN IDEAS,0191-6599
HISTORY OF EUROPEAN IDEAS,1873-541X
HISTORY OF POLITICAL THOUGHT,0143-781X
HOBBES STUDIES,0921-5891
HOGAKU SHINPO,0009-6296
HUKUKI PERSPEKTIFLER DERGISI,1304-9232
HUMAN RIGHTS AND INTERNATIONAL LEGAL DISCOURSE,1783-7014
HUMAN RIGHTS LAW REVIEW,1461-7781
HUMAN RIGHTS QUARTERLY,0275-0392
HUMAN RIGHTS REVIEW,1524-8879
HUMANA.MENTE,1972-1293
HUMANITÄRES VÖLKERRECHT,0937-5414
I BATTELLI DEL RENO,2282-2461
I CONTRATTI,1123-5047
I CONTRATTI DELLO STATO E DEGLI ENTI PUBBLICI,1122-3235
I DIRITTI DELL'UOMO,1121-8754
I GEORGOFILI,0367-4134
I TRIBUNALI AMMINISTRATIVI REGIONALI,0391-7959
IA. INGEGNERIA AMBIENTALE,0394-5871
IANUS DIRITTO E FINANZA,1974-9805
IBC,1125-9876
ICADE,1889-7045
ICL ONLINE JOURNAL,1995-5855
ICSID REVIEW,0258-3690
IDEAZIONE,1123-5527
IDEE,0394-3054
IIC. INTERNATIONAL REVIEW OF INDUSTRIAL PROPERTY AND COPYRIGHT LAW,0018-9855
IL BOLLETTINO DELL’INTERNAZIONALIZZAZIONE,.
IL CANNOCCHIALE,0008-5618
IL CAPITALE CULTURALE,2039-2362
IL CONSIGLIO DI STATO,0010-6569
IL CONTRIBUTO,0391-2418
IL CONTROLLO LEGALE DEI CONTI,1720-4437
IL CONTROLLO NELLE SOCIETÀ E NEGLI ENTI,1972-828X
IL CORRIERE DEL MERITO,1825-5345
IL CORRIERE GIURIDICO,1591-4232
IL DIRITTO AMMINISTRATIVO,.
IL DIRITTO AMMINISTRATIVO,2039-6937
IL DIRITTO DEGLI AFFARI,2281-4531
IL DIRITTO DEI LAVORI,1974-4269
IL DIRITTO DEL LAVORO,0012-3404
IL DIRITTO DELLA REGIONE,1722-8379
IL DIRITTO DELL'AGRICOLTURA,1720-4445
IL DIRITTO DELLE RADIODIFFUSIONI E DELLE TELECOMUNICAZIONI,0012-3412
IL DIRITTO DELL'ECONOMIA,1123-3036
IL DIRITTO DELL'INFORMAZIONE E DELL'INFORMATICA,1593-5795
IL DIRITTO DELL'UNIONE EUROPEA,1125-8551
IL DIRITTO DI AUTORE,0012-3420
IL DIRITTO ECCLESIASTICO,1128-7772
IL DIRITTO FALLIMENTARE E DELLE SOCIETÀ COMMERCIALI,0391-5239
IL DIRITTO INDUSTRIALE,1720-4453
IL DIRITTO MARITTIMO,0012-348X
IL FALLIMENTO,.
IL FALLIMENTO E LE ALTRE PROCEDURE CONCORSUALI,0394-2740
IL FEDERALISTA,1970-688X
IL FILANGIERI,1825-0432
IL FISCO,1124-9307
IL FORO AMBROSIANO,1592-0461
IL FORO AMMINISTRATIVO,0391-2205
IL FORO AMMINISTRATIVO CDS,1722-2400
IL FORO AMMINISTRATIVO TAR,1722-2397
IL FORO FRIULANO,.
IL FORO ITALIANO,0015-783X
IL FORO ITALIANO,1827-8213
IL FORO NAPOLETANO,0015-7848
IL FORO PADANO,0015-7856
IL FORO TOSCANO,1126-6082
IL GIUSTO PROCESSO,1720-0008
IL GIUSTO PROCESSO CIVILE,1828-311X
IL LAVORO NELLA GIURISPRUDENZA,1591-4178
IL LAVORO NELLE PUBBLICHE AMMINISTRAZIONI,1591-7681
IL MESTIERE DI STORICO,1594-3836
IL MULINO,0027-3120
IL MULINO,1973-8145
IL NUOVO DIRITTO AMMINISTRATIVO,2282-2631
IL NUOVO DIRITTO DELLE SOCIETÀ,2039-6880
IL NUOVO DIRITTO DELLE SOCIETA',2039-6872
IL PENSIERO,0031-4811
IL PENSIERO ECONOMICO ITALIANO,1122-8784
IL PENSIERO ECONOMICO MODERNO,1593-8522
IL PENSIERO MAZZINIANO,0031-482X
IL PENSIERO POLITICO,0031-4846
IL PLATANO,1120-6152
IL POLITICO,0032-325X
IL PONTE,0032-423X
IL PRESENTE E LA STORIA,1121-7499
IL PROGETTO,1120-6993
IL PROGETTO SOSTENIBILE,1974-3327
IL RISPARMIO,0035-5615
I-LEX,1825-1927
ILLYRIUS,2225-2894
IMAGO EUROPAE,1973-3151
IMPRESA SOCIALE,1129-6402
IMPULSO,0103-7676
IN IURE PRAESENTIA,.
IN.LAW,1827-1375
INCONTRI,.
INDEX. QUADERNI CAMERTI DI STUDI ROMANISTICI,0392-2391
INDIAN JOURNAL OF INTERNATIONAL ECONOMIC LAW,0975-3214
INDIAN SOCIO-LEGAL JOURNAL,0970-7972
INDIANA JOURNAL OF GLOBAL LEGAL STUDIES,1080-0727
INDRET,1698-739X
INDUSTRIAL LAW JOURNAL,0305-9332
INFANZIA,0390-2420
INFO,1463-6697
INFORMAL LOGIC,0824-2577
INFORMATICA E DIRITTO,0390-0975
INFORMATICA UMANISTICA,2035-6323
INFORMATION,2078-2489
INFORMAZIONE BIBLIOGRAFICA,0391-6812
INFORMAZIONE PREVIDENZIALE,1593-5914
INITIUM,1137-8069
INNOVAZIONE E DIRITTO,1825-9871
IN-PACTUM,1984-3399
INQUINAMENTO,0001-4982
INSTRUMENTA,1974-2258
INTER-AMERICAN AND EUROPEAN HUMAN RIGHTS JOURNAL,2030-7942
INTERAZIONI,.
INTERCULTURAL HUMAN RIGHTS LAW REVIEW,1934-7650
INTERDISCIPLINARY THEMES JOURNAL,1920-3241
INTERESSE PÚBLICO,1676-8701
INTERNATIONAL ARBITRATION LAW REVIEW,1367-8272
INTERNATIONAL COMMUNITY LAW REVIEW,1871-9740
INTERNATIONAL CRIMINAL JUSTICE REVIEW,1057-5677
INTERNATIONAL CRIMINAL LAW REVIEW,1567-536X
INTERNATIONAL DATA PRIVACY LAW,2044-3994
INTERNATIONAL FEMINIST JOURNAL OF POLITICS,1461-6742
INTERNATIONAL INSOLVENCY LAW REVIEW,2190-4952
INTERNATIONAL JOURNAL FOR THE SEMIOTICS OF LAW,0952-8059
INTERNATIONAL JOURNAL FOR THE SEMIOTICS OF LAW,1572-8722
INTERNATIONAL JOURNAL OF ANTIMICROBIAL AGENTS,0924-8579
INTERNATIONAL JOURNAL OF BUSINESS PROCESS INTEGRATION AND MANAGEMENT,1741-8763
INTERNATIONAL JOURNAL OF CANADIAN STUDIES,1180-3991
INTERNATIONAL JOURNAL OF CIVIL SOCIETY LAW,.
INTERNATIONAL JOURNAL OF COMMUNICATIONS LAW AND POLICY,1439-6262
INTERNATIONAL JOURNAL OF COMPARATIVE LABOUR LAW AND INDUSTRIAL RELATIONS,0952-617X
INTERNATIONAL JOURNAL OF CONSTITUTIONAL LAW,1474-2640
INTERNATIONAL JOURNAL OF CONSUMER STUDIES,1470-6423
INTERNATIONAL JOURNAL OF CULTURAL PROPERTY,0940-7391
INTERNATIONAL JOURNAL OF ECONOMICS AND BUSINESS MODELING,0976-531X
INTERNATIONAL JOURNAL OF ECONOMICS AND FINANCIAL ISSUES,2146-4138
INTERNATIONAL JOURNAL OF HUMANITIES AND SOCIAL SCIENCE,2220-8488
INTERNATIONAL JOURNAL OF LAW AND INFORMATION TECHNOLOGY,0967-0769
INTERNATIONAL JOURNAL OF PROCEDURAL LAW,2034-5275
INTERNATIONAL JOURNAL OF PUBLIC ADMINISTRATION,0190-0692
INTERNATIONAL JOURNAL OF PUBLIC LAW AND POLICY,2044-7663
INTERNATIONAL JOURNAL OF SOCIAL RESEARCH METHODOLOGY,1364-5579
INTERNATIONAL JOURNAL OF TECHNOETHICS,1947-3451
INTERNATIONAL JOURNAL OF THE COMMONS,1875-0281
INTERNATIONAL JOURNAL OF THE JURISPRUDENCE OF THE FAMILY,2165-7653
INTERNATIONAL JOURNAL OF THE JURISPRUDENCE OF THE FAMILY,2165-7661
INTERNATIONAL JOURNAL OF THE LEGAL PROFESSION,0969-5958
INTERNATIONAL JOURNAL ON ADVANCES IN INTERNET TECHNOLOGY,1942-2652
INTERNATIONAL JOURNAL ON MINORITY AND GROUP RIGHTS,1385-4879
INTERNATIONAL LABOUR REVIEW,0020-7780
INTERNATIONAL ORGANIZATIONS LAW REVIEW,1572-3739
INTERNATIONAL PEACEKEEPING,1380-748X
INTERNATIONAL REVIEW OF ADMINISTRATIVE SCIENCES,0020-8523
INTERNATIONAL REVIEW OF ECONOMICS,1863-4613
INTERNATIONAL REVIEW OF LAW AND ECONOMICS,0144-8188
"INTERNATIONAL REVIEW OF LAW, COMPUTERS & TECHNOLOGY",1360-0869
INTERNATIONAL REVIEW OF THE RED CROSS,0020-8604
INTERNATIONAL REVIEW OF THE RED CROSS,1816-3831
INTERNATIONAL SPORTS LAW REVIEW,1109-3943
INTERNATIONAL STUDIES IN PHILOSOPHY,0270-5664
INTERNATIONAL STUDIES JOURNAL,1735-2045
INTERNATIONAL VAT MONITOR,0925-0832
INTERNATIONALES HANDELSRECHT,1617-5395
INTERTAX,0165-2826
INT'L LIS,1594-7955
INTRALINEA ON LINE TRANSLATION JOURNAL,1827-000X
INTRASFORMAZIONE,2281-1532
IPRAX. PRAXIS DES INTERNATIONALEN PRIVAT- UND VERFAHRENSRECHTS,0720-6585
IRCOCERVO,1722-392X
IRDA JOURNAL,.
IRIDE,1122-7893
IRIS,1023-8565
ISAIDAT LAW REVIEW,2039-1323
ISEGORIA,1130-2097
ISIL YEAR BOOK OF INTERNATIONAL HUMANITARIAN AND REFUGEE LAW,.
ISONOMIA,1405-0218
ISONOMIA,2037-4348
ISRAEL LAW REVIEW,0021-2237
ISSUES IN AVIATION LAW AND POLICY,1934-7170
ISTITUZIONI E SVILUPPO ECONOMICO,1828-518X
ITALIAN INTELLECTUAL PROPERTY,.
ITALIAN JOURNAL OF PUBLIC LAW,2239-8279
ITALIAN LABOUR LAW E-JOURNAL,1561-8048
ITALIAN YEARBOOK OF INTERNATIONAL LAW,0391-5107
ITALUS HORTUS,1127-3496
ITER CRIMINIS. REVISTA DE DERECHO Y CIENCIAS PENALES,.
ITINERARI,2036-9484
IURA,0021-3241
IURA ORIENTALIA,1828-1788
IURIS ANTIQUI HISTORIA,2035-4967
IUS ANTIQUUM,.
IUS CANONICUM,0021-325X
IUS ECCLESIAE,1120-6462
IUS ET PRAXIS,0717-2877
IUS INTER GENTES,1999-1673
IUS PUBLICUM,2039-2540
IUS17,2239-2424
IUSTITIA,0021-3268
IUSTUM AEQUUM SALUTARE,1787-3223
IZVESTIIA VYSSHIKH UCHEBNYKH ZAVEDENII. PRAVOVEDENIE,0131-8039
JAHRBUCH DES FÖDERALISMUS,1616-6558
JAHRBUCH DES ÖFFENTLICHEN RECHTS DER GEGENWART,0075-2517
JAHRBUCH FÜR ITALIENISCHES RECHT,0932-772X
JANUS,1828-4221
JE-LKS. JOURNAL OF E-LEARNING AND KNOWLEDGE SOCIETY,1826-6223
JLIS.IT,2038-1026
JLIS.IT,2038-5366
JOURNAL DE TRIAL,.
JOURNAL DER JURISTISCHEN ZEITGESCHICHTE,1863-9984
JOURNAL DU DROIT INTERNATIONAL,0021-8170
JOURNAL FOR EUROPEAN ENVIRONMENTAL & PLANNING LAW,1613-7272
JOURNAL INTERNATIONAL DE BIOÉTHIQUE,1287-7352
JOURNAL OF AFRICAN AND INTERNATIONAL LAW,1821-620X
JOURNAL OF APPLIED PHILOSOPHY,0264-3758
JOURNAL OF ARMED CONFLICT LAW,1364-0224
JOURNAL OF BENTHAM STUDIES,2045-757X
JOURNAL OF BUSINESS ETHICS,0167-4544
JOURNAL OF BUSINESS LAW,0021-9460
JOURNAL OF CHINESE PHILOSOPHY,0301-8121
JOURNAL OF CHINESE PHILOSOPHY,1540-6253
JOURNAL OF CHURCH AND STATE,0021-969X
JOURNAL OF CHURCH AND STATE,2040-4867
JOURNAL OF CIVIL ENGINEERING AND ARCHITECTURE,1934-7359
JOURNAL OF CIVIL LAW STUDIES,1944-3749
JOURNAL OF COMMON MARKET STUDIES,0021-9886
JOURNAL OF COMPETITION LAW & ECONOMICS,1744-6414
JOURNAL OF CONFLICT AND SECURITY LAW,1467-7954
JOURNAL OF CONTEMPORARY EUROPEAN RESEARCH,1815-347X
JOURNAL OF CONTRACT LAW,1030-7230
JOURNAL OF CORPORATE LAW STUDIES,1473-5970
JOURNAL OF CRIMINAL LAW & CRIMINOLOGY,0091-4169
JOURNAL OF EASTERN EUROPEAN CRIMINAL LAW,2360-4964
JOURNAL OF ECONOMIC ISSUES,0021-3624
JOURNAL OF EMPIRICAL LEGAL STUDIES,1740-1453
JOURNAL OF ENDOCRINOLOGICAL INVESTIGATION,1720-8386
JOURNAL OF ETHICS & SOCIAL PHILOSOPHY,1559-3061
JOURNAL OF EUROPEAN COMPETITION LAW & PRACTICE,2041-7764
JOURNAL OF EUROPEAN COMPETITION LAW & PRACTICE,2041-7772
JOURNAL OF EUROPEAN CRIMINAL LAW,1750-7499
JOURNAL OF EUROPEAN TORT LAW,1868-9612
JOURNAL OF FINANCIAL CRIME,1359-0790
JOURNAL OF FINANCIAL REGULATION AND COMPLIANCE,1358-1988
JOURNAL OF FINANCIAL TRANSFORMATION,1755-361X
JOURNAL OF FRENCH AND FRANCOPHONE PHILOSOPHY,2155-1162
JOURNAL OF GENOCIDE RESEARCH,1462-3528
JOURNAL OF INSTITUTIONAL AND THEORETICAL ECONOMICS,0932-4569
JOURNAL OF INTELLECTUAL PROPERTY LAW AND PRACTICE,1747-1532
"JOURNAL OF INTELLECTUAL PROPERTY, INFORMATION TECHNOLOGY AND ELECTRONIC COMMERCE LAW",2190-3387
JOURNAL OF INTERNATIONAL ARBITRATION,0255-8106
JOURNAL OF INTERNATIONAL BANKING LAW AND REGULATION,1742-6812
JOURNAL OF INTERNATIONAL CRIMINAL JUSTICE,1478-1387
JOURNAL OF INTERNATIONAL ECONOMIC LAW,1369-3034
"JOURNAL OF INTERNATIONAL FINANCIAL MARKETS, INSTITUTIONS & MONEY",1042-4431
JOURNAL OF JURISTIC PAPYROLOGY,0075-4277
"JOURNAL OF KNOWLEDGE MANAGEMENT, ECONOMICS AND INFORMATION TECHNOLOGY",2069-5934
JOURNAL OF LAW & FAMILY STUDIES,1529-398X
JOURNAL OF LAW AND SOCIETY,0263-323X
JOURNAL OF LEGAL EDUCATION,0022-2208
JOURNAL OF LEGAL PLURALISM AND UNOFFICIAL LAW,0732-9113
JOURNAL OF LIBERTARIAN STUDIES,0363-2873
JOURNAL OF LOGIC AND COMPUTATION,0955-792X
JOURNAL OF MARITIME LAW AND COMMERCE,0022-2410
JOURNAL OF MODERN ITALIAN STUDIES,1354-571X
JOURNAL OF MODERN SCIENCE,1734-2031
JOURNAL OF MONEY LAUNDERING CONTROL,1368-5201
JOURNAL OF MORAL PHILOSOPHY,1740-4681
JOURNAL OF ORGANISATIONAL TRANSFORMATION & SOCIAL CHANGE,1477-9633
JOURNAL OF PHILOSOPHICAL LOGIC,0022-3611
JOURNAL OF PREVENTIVE MEDICINE AND HYGIENE,1121-2233
JOURNAL OF PRIVATE INTERNATIONAL LAW,1744-1048
JOURNAL OF PUBLIC ADMINISTRATION RESEARCH AND THEORY,1053-1858
JOURNAL OF PUBLIC ADMINISTRATION RESEARCH AND THEORY,1477-9803
JOURNAL OF ROMAN STUDIES,0075-4358
JOURNAL OF RURAL COOPERATION,0377-7480
JOURNAL OF SECURITIES OPERATIONS & CUSTODY,1753-1802
JOURNAL OF SOCIAL SCIENCES,1549-3652
JOURNAL OF SOCIAL SECURITY LAW,1354-7747
JOURNAL OF SOUTHERN EUROPE AND THE BALKANS,1461-3190
JOURNAL OF SPACE LAW,0095-7577
JOURNAL OF THE AUSTRALASIAN TAX TEACHERS ASSOCIATION,1832-911X
JOURNAL OF THE HISTORY OF INTERNATIONAL LAW,1388-199X
JOURNAL OF WORLD INTELLECTUAL PROPERTY,1422-2213
JOURNAL OF WORLD INVESTMENT,1424-1196
JOURNAL OF WORLD INVESTMENT & TRADE,1660-7112
JOURNAL OF WORLD TRADE,1011-6702
JOURNAL ON EUROPEAN HISTORY OF LAW,2042-6402
JUDICIUM,.
JUECES PARA LA DEMOCRACIA,1133-0627
JURA GENTIUM,1826-8269
JURIDISK TIDSKRIFT VID STOCKHOLMS UNIVERSITET,1100-7761
JURÍPOLIS,.
JURIS-CLASSEUR DE DROIT INTERNATIONAL,0750-8239
JURISPRUDENCE,2106-8976
JURISPRUDENCIA ARGENTINA,0326-1190
JURISPRUDENCIJA,1392-6195
JURISTENZEITUNG,0022-6882
JUS,.
JUS,0022-6955
JUS,1827-7942
JUS,1994-7410
JUS CIVILE,2281-3918
JUSLETTER,1424-7410
JUSLETTER IT,1664-848X
JUSTICA DO DIREITO,1413-7038
JUSTICIA ADMINISTRATIVA,1139-4951
JUSTICIA CONSTITUCIONAL,1991-167X
KAINOS,1827-3750
KANAGAWA HŌGAKU,0453-185X
KAZANCI HAKEMLI HUKUK DERGISI,1304-7949
KERVAN,1825-263X
"KNOWLEDGE, TECHNOLOGY, & POLICY",1946-4789
KOINONIA,0393-2230
KOKUSAI KYORYOKU RONSHU,0919-8636
KOREUROPA,2281-3349
KOS,0393-2095
KRISIS,0994-2440
KRITISCHE JUSTIZ,0023-4834
"KRITSCHE VIERTELJAHRESSCHRIFT FÜR GESETZGEBUNG UND RECHTSPRECHUNG,",2193-7869
KYKÉION,1592-9914
LA CITTADINANZA EUROPEA,2039-2788
LA COMUNITÀ INTERNAZIONALE,0010-5066
LA CORTE D'ASSISE,2280-6350
LA CULTURA,0393-1560
LA GAZETTE DU PALAIS. LES CAHIERS DE L'ARBITRAGE,1763-8216
LA GIURISPRUDENZA COSTITUZIONALE,2240-7324
LA GIUSTIZIA PENALE,1971-4998
LA LEGISLAZIONE PENALE,0393-134X
LA LEGISLAZIONE PENALE,2421-552X
LA LEY PENAL,1697-5758
"LA LEY, REVISTA JURIDICA PARAGUAYA",.
LA NOTARÍA,0210-427X
LA NUOVA CITTÀ,1128-1790
LA NUOVA GIURISPRUDENZA CIVILE COMMENTATA,1593-7305
LA RASSEGNA MENSILE DI ISRAEL,0033-9792
LA RÈGLE DU JEU,1148-8700
LA RESPONSABILITÀ AMMINISTRATIVA DELLE SOCIETÀ E DEGLI ENTI,2239-2416
LA RESPONSABILITÀ CIVILE,1824-7474
LA RIVISTA DI FINANZA,2280-8442
LA SEMAINE JURIDIQUE. G,0242-5777
LA SOCIETÀ DEGLI INDIVIDUI,1590-7031
LA VALUTAZIONE DELLE AZIENDE,1724-4080
LABEO,0023-6462
LABORATOIRE ITALIEN,1627-9204
LABSUS,2038-386X
L'ACROPOLI,1826-8870
L'ACTUALITÉ JURIDIQUE. DROIT ADMINISTRATIF,0001-7728
LAICIDAD Y LIBERTADES,1696-6937
L'AMMINISTRATORE LOCALE,1593-6678
LAMY DROIT DU FINANCEMENT. BULLETIN D'ACTUALITÉ,1257-1717
LANGUAGE & LAW,2194-7414
L'ANNÉE CANONIQUE,0570-1953
L'ANNÉE FISCALE,1960-1603
L'ANNÉE SOCIOLOGIQUE,0066-2399
LARES,0023-8503
L'ASTRÉE,1284-5094
LATERANUM,1010-7215
LATOMUS,0023-8856
LATOMUS,2294-4427
LAVORO E DIRITTO,1120-947X
LAVORO E PREVIDENZA OGGI,0390-251X
LAVORO INFORMAZIONE,.
LAW & JUSTICE,0269-817X
LAW & SOCIETY REVIEW,1540-5893
LAW AND CONTEMPORARY PROBLEMS,0023-9186
LAW AND CRITIQUE,0957-8536
LAW AND ECONOMICS YEARLY REVIEW,2050-9014
LAW AND FINANCIAL MARKETS REVIEW,1752-1440
LAW AND HISTORY REVIEW,0738-2480
LAW AND HUMANITIES,1752-1483
LAW AND PHILOSOPHY,0167-5249
LAW AND THE HUMAN GENOME REVIEW,1134-7708
LAW IN TRANSITION,1683-9161
LAW OF THE SEA REPORTS,.
LAW SOCIAL INQUIRY,0897-6546
"LAW, CULTURE AND THE HUMANITIES",1743-8721
LE CARTE E LA STORIA,1123-5624
LE CERCLE HERMÉNEUTIQUE,1762-4371
LE CORTI CALABRESI,1824-498X
LE CORTI CALABRESI,2282-2860
LE CORTI DELL'IRPINIA,2037-4259
"LE CORTI DI BARI, LECCE E POTENZA",0391-1667
LE CORTI MARCHIGIANE,1824-4998
LE CORTI PUGLIESI,1970-5506
LE CORTI SALERNITANE,1824-5005
LE CORTI UMBRE,2282-1279
LE DALLOZ,1298-728X
LE FORME E LA STORIA,1121-2276
LE ISTITUZIONI DEL FEDERALISMO,1126-7917
LE NUOVE LEGGI CIVILI COMMENTATE,0391-3740
LE REGIONI,0391-7576
LE SOCIETÀ,1591-2094
LEGAL ISSUES OF ECONOMIC INTEGRATION,1566-6573
LEGAL ROOTS,2280-4994
LEGAL THEORY,1352-3252
LEGALITÀ E GIUSTIZIA,1824-5013
LEGISLACAO,0871-9497
LEGISPRUDENCE,1752-1467
LEGON JOURNAL OF INTERNATIONAL AFFAIRS,0855-5907
LEIDEN JOURNAL OF INTERNATIONAL LAW,0922-1565
LES CAHIERS DE DROIT DE LA SANTÉ DU SUD-EST,1774-9832
LES CAHIERS DE L'ARBITRAGE,2107-5387
LES CAHIERS DE TUNISIE,0008-0012
LES CAHIERS DU CONSEIL CONSTITUTIONNEL,1253-2177
LES DOSSIERS DU GRIHL,1958-9247
LES NOUVEAUX CAHIERS DU CONSEIL CONSTITUTIONNEL,2112-2679
LESSICO DI ETICA PUBBLICA,2039-2206
LETTERATURA & SOCIETÀ,1722-5531
LETTERE ITALIANE,0024-1334
L'EUROPE EN FORMATION,0014-2808
LEX ET SCIENTIA INTERNATIONAL JOURNAL,1583-039X
LEX FAMILIAE,1645-9660
LEX HUMANA,2175-0947
LEX SOCIAL,2174-6419
LEXIA,1720-5298
LEXIS,2210-8823
LEXITALIA.IT,2240-5534
"LEY, RAZÓN Y JUSTICIA",1514-626X
LIBERTARIAN PAPERS,1947-6949
L'INDICE PENALE,0019-7084
L'INDUSTRIA,0019-7416
L'IVA,1593-2443
LLL,2279-9001
LO SGUARDO,2036-6558
LO STATO,2283-6527
L'OBSERVATEUR DES NATIONS UNIES,1281-3389
LODZ PAPERS IN PRAGMATICS,1895-6106
LOGIC JOURNAL OF THE IGPL,1367-0751
LOGIC JOURNAL OF THE IGPL,1368-9894
LOYOLA LAW REVIEW,0192-9720
MAASTRICHT JOURNAL OF EUROPEAN AND COMPARATIVE LAW,1023-263X
MAGAZZINO DI FILOSOFIA,1592-5919
MAGISTRA BANCA E FINANZA,2039-7410
MAGISTRATURA TRIBUTARIA,.
MALTRATTAMENTO E ABUSO ALL'INFANZIA,1591-4267
MALTRATTAMENTO E ABUSO DELL'INFANZIA,1972-5140
MANAGERIAL LAW,0309-0558
MARINE POLLUTION BULLETIN,0025-326X
MARQUETTE INTELLECTUAL PROPERTY LAW REVIEW,1092-5899
MARYLAND LAW REVIEW,0025-4282
MASSIMARIO DELLE COMMISSIONI TRIBUTARIE DELLA PUGLIA,.
MASSIMARIO DI GIURISPRUDENZA DEL LAVORO,0025-4959
MATERIA GIUDAICA,2282-4499
MATERIALI PER UNA STORIA DELLA CULTURA GIURIDICA,1120-9607
MAX PLANCK YEARBOOK OF UNITED NATIONS LAW,1389-4633
MCGILL LAW JOURNAL,0024-9041
MEDIARES,1723-3437
MEDICINA E DIRITTO,.
MEDICINA E MORALE,0025-7834
MEDICINA LEGALE. QUADERNI CAMERTI,1125-4645
"MEDICINA Y ÉTICA:REVISTA INTERNACIONAL DE BIOÉTICA, DEONTOLOGÍA Y ÉTICA MÉDICA",0188-5022
MEDICINE AND LAW,0723-1393
"MEDICINE, HEALTH CARE AND PHILOSOPHY",1386-7423
MEDIOEVO,1125-6893
MEDITERRANEA. RICERCHE STORICHE,1824-3010
MEDITERRANEAN JOURNAL OF HUMAN RIGHTS,1027-4375
MÉDITERRANÉES,1259-1874
MEDITERRANEO ANTICO,1127-6061
MEI ZHONG FA LÜ PING LUN,1548-6605
MÉLANGES DE L'ÉCOLE FRANÇAISE DE ROME. ANTIQUITÉ,0223-5102
MÉLANGES DE L'ÉCOLE FRANÇAISE DE ROME. ITALIE ET MÉDITERRANÉE,1724-2142
MÉLANGES DE L'ÉCOLE FRANÇAISE DE ROME. MOYEN AGE,1123-9883
MERCATO CONCORRENZA REGOLE,1590-5128
METHODE,2281-0498
MEZINÁRODNÍ A SROVNÁVACÍ PRÁVNÍ REVUE,1213-8770
MEZZOGIORNO EUROPA,1828-3071
MICHIGAN JOURNAL OF INTERNATIONAL LAW,1052-2867
MICHIGAN LAW REVIEW,0026-2234
MIGRATION LETTERS,1741-8984
MIGRATION UND BEVÖLKERUNG,1435-7194
MILITARY LAW REVIEW,0026-4040
MINERVA,0026-4695
MINERVA MEDICOLEGALE,0026-4849
MINIMA EPIGRAPHICA ET PAPYROLOGICA,1128-2134
MINORI GIUSTIZIA,1121-2845
MISCELLANEA BIBLIOTHECAE APOSTOLICAE VATICANAE,.
MISCELLANEA IURIS GENTIUM,0867-6062
MITTEILUNGEN DES INSTITUTS FÜR DEUTSCHES UND EUROPÄISCHES PARTEIENRECHT UND PARTEIENFORSCHUNG,1612-8117
MODERN ITALY,1353-2944
MONATSSCHRIFT FUER KRIMINOLOGIE UND STRAFRECHTSREFORM,0026-9301
MONDO BANCARIO,0026-9506
MONDO CINESE,0390-2811
MONITOR ECCLESIASTICUS,0026-976X
MUENCHENER THEOLOGISCHE ZEITSCHRIFT,0580-1400
MULTITUDES,0292-0107
MUNUS,2240-4732
MUNUS,2240-6948
MYSL EKONOMICZNA I PRAWNA,1644-4213
NAHARAIM,1862-9148
NANOETHICS,1871-4757
NARRATIVA,1166-3243
NATURE,0028-0836
NAUTECH,1825-6155
NETHERLANDS INTERNATIONAL LAW REVIEW,0165-070X
NETHERLANDS YEARBOOK OF INTERNATIONAL LAW,0167-6768
NETWORK INDUSTRIES QUARTERLY,1662-6176
NEUE JURISTISCHE WOCHENSCHRIFT,0341-1907
NEUE ZEITSCHRIFT FÜR FAMILIENRECHT,2198-2333
NEUROLOGICAL SCIENCES,1590-1874
NEUROREHABILITATION,1053-8135
NEW ENGLAND LAW REVIEW,0028-4823
NEW YORK UNIVERSITY JOURNAL OF INTERNATIONAL LAW & POLITICS,0028-7873
NEW ZEALAND YEARBOOK OF INTERNATIONAL LAW,1176-6417
NO FOUNDATIONS,1797-2264
NOMOS,1807-3840
NOMOS,2279-7238
NOMOS. LE ATTUALITÀ NEL DIRITTO,1120-298X
NON PROFIT,1122-9322
NORDIC JOURNAL OF INTERNATIONAL LAW,0902-7351
NORDICUM-MEDITERRANEUM,1670-6242
NORDÖR,1435-2206
NORTH CAROLINA JOURNAL OF INTERNATIONAL LAW AND COMMERCIAL REGULATION,0743-1759
NORTHERN IRELAND LEGAL QUARTERLY,0029-3105
NORTHWESTERN JOURNAL OF INTERNATIONAL LAW & BUSINESS,0196-3228
NOTARIATO,1591-2019
"NOTARILIA. RIVISTA DI DIRITTO CIVILE, COMMERCIALE E IMMOBILIARE",2035-6927
NOTIZIARIO DI GIURISPRUDENZA DEL LAVORO,0392-4335
NOTIZIE DI POLITEIA,1128-2401
NOVA CRIMINIS,0718-9869
NOVA HISTORICA,1972-0467
NOVA ITINERA,.
NOVA JURIS INTERPRETATIO IN HODIERNA GENTIUM COMMUNIONE,.
NOVA TELLUS,0185-3058
NUEVA FISCALIDAD,1696-0173
NUEVO FORO PENAL,0120-8179
NUOVA ANTOLOGIA,0029-6147
NUOVA CIVILTÀ DELLE MACCHINE,1970-9714
NUOVA GIURISPRUDENZA LIGURE,1590-1475
NUOVA INFORMAZIONE BIBLIOGRAFICA,1824-0771
NUOVA POLITEIA,.
"NUOVA RASSEGNA DI LEGISLAZIONE, DOTTRINA E GIURISPRUDENZA",0392-7059
"NUOVA RASSEGNA DI LEGISLAZIONE, DOTTRINA E GIURISPRUDENZA",1825-2710
NUOVA RIVISTA STORICA,0029-6236
NUOVE AUTONOMIE,1122-228X
NUOVE ESPERIENZE DI GIUSTIZIA MINORILE,.
NUOVI ANNALI DELLA SCUOLA SPECIALE PER ARCHIVISTI E BIBLIOTECARI,1122-0775
NUOVI STUDI POLITICI,0391-4356
NUOVO DIRITTO AGRARIO,0390-0738
NUOVO NOTIZIARIO GIURIDICO,.
NYU JOURNAL OF LAW & BUSINESS,1558-5778
OBBLIGAZIONI E CONTRATTI,1826-2570
OCEAN DEVELOPMENT AND INTERNATIONAL LAW,0090-8320
OCEANIS,0182-0745
OEARR OSTERREICHISCHES ARCHIV FUER RECHT UND RELIGION,1560-8670
"OIL, GAS AND ENERGY LAW",1875-418X
OPCIÓN,1012-1587
OPENDEMOCRACY,1476-5888
OPINIO JURIS IN COMPARATIONE,2281-5147
"ORGANS, TISSUES AND CELLS",1828-0595
ORIENTAMENTI DELLA GIURISPRUDENZA DEL LAVORO,1720-4461
ORIZZONTI DEL DIRITTO COMMERCIALE,2282-667X
OROS,.
OSAKA UNIVERSITY LAW REVIEW,0472-1381
OSSERVATORIO DEL DIRITTO CIVILE E COMMERCIALE,2281-2628
OSSERVATORIO SULLE FONTI,1591-9064
OSSERVATORIO SULLE FONTI,2038-5633
OSSERVATORIO TRIBUTARIO,.
"ÖSTERREICHISCHE JURISTEN-ZEITUNG",0029-9251
OSTRAKA,1122-259X
OXFORD JOURNAL OF LEGAL STUDIES,0143-6503
OXFORD REVIEW OF ECONOMIC POLICY,0266-903X
PACE DIRITTI UMANI,1827-4056
PACE INTERNATIONAL LAW REVIEW,1553-7897
PAIDEIA,0030-9435
PALESTRA DEL TRIBUNAL CONSTITUCIONAL,1991-1661
PALOMAR,1590-1831
PANDECTELE ROMÂNE,1582-4756
PANÓPTICA,1980-7775
PAPERS DI DIRITTO EUROPEO,2038-0461
PARADIGMI,1120-3404
PARADOXA,1971-6311
PARALLAX,1353-4645
PARLAMENTI REGIONALI,1720-2337
PARLAMENTO Y CONSTITUCIÓN,1139-0026
PARLEMENT[S],1768-6520
PARLIAMENTARY AFFAIRS,0031-2290
PAROLECHIAVE,1122-5300
PASSATO E PRESENTE,1120-0650
PATRIMONIO CULTURAL Y DERECHO,1138-3704
PENN STATE ENVIRONMENTAL LAW REVIEW,1546-3427
PENSAMIENTO CONSTITUCIONAL,1027-6769
PENSEE ET SOCIETES,1112-8232
PERCORSI COSTITUZIONALI,1974-1928
PERIODICA DE RE MORALI CANONICA LITURGICA,0031-529X
PERSONA E MERCATO,2239-8570
PERSONA Y DERECHO,0211-4526
"PERSONA, FAMIGLIA E SUCCESSIONI",.
"PERSONE, IMPRESE & ISTITUZIONI",1591-2264
PERSPECTIVES ON FEDERALISM,2036-5438
PHARMACEUTICALS POLICY AND LAW,1389-2827
PHENOMENOLOGY AND MIND,2239-4028
PHILOSOPHIA,0048-3893
PHILOSOPHICAL NEWS,2037-6707
PHILOSOPHICAL TOPICS,0276-2080
PHILOSOPHISCHER LITERATURANZEIGER,0031-8175
PHILOSOPHY AND PUBLIC AFFAIRS,1088-4963
PLANNING THEORY,1473-0952
PLURILINGUISMO,1127-0241
POL.IS,.
PÓLEMOS,2035-5262
POLENA,1972-7895
POLIS,1825-8980
POLITEJA,1733-6716
POLITICA & SOCIETÀ,2240-7901
POLITICA ANTICA,2281-1400
POLITICA CRIMINAL,0718-3399
POLITICA DEL DIRITTO,0032-3063
POLITICA E MEZZOGIORNO,0032-3071
POLITICA E ORGANIZZAZIONE,.
POLITICA INTERNAZIONALE,0032-3101
POLITICAL PERSPECTIVES,2049-081X
POLSKI ROCZNIK PRAW CZŁOWIEKA I PRAWA HUMANITARNEGO,2082-1786
PONTES ENTRE O COMÉRCIO E O DESENVOLVIMENTO SUSTENTÁVEL,1813-4378
PORTUGUESE ECONOMIC JOURNAL,1617-982X
POUVOIRS,0152-0768
POUVOIRS LOCAUX,0998-8289
PRATICA CONTABILE,1594-0292
PRAVNI ŽIVOT,0350-0500
PREVIDENZA E ASSISTENZA PUBBLICA E PRIVATA,1825-0424
PRIM@ FACIE,1678-2593
PRISMA,.
PRISMA,0393-9049
PROBLEMA,.
PROBLEMI DELL'INFORMAZIONE,0390-5195
PROCESSI STORICI E POLITICHE DI PACE,2036-7120
PROCESSO PENALE E GIUSTIZIA,2039-4179
PROCESSO PENALE E GIUSTIZIA,2039-4527
PROSPETTIVA PERSONA,1126-5191
PRUDENTIA IURIS,0326-2774
PRZEGLAD PRAWA KONSTYTUCYJNEGO,2082-1212
PRZEGLĄD PRAWA ROLNEGO,1897-7626
PSICHE,1721-0372
"PSICHIATRIA, PSICOLOGIA E DIRITTO",.
PUBLIC CHOICE,0048-5829
PUBLIC CONTRACT LAW JOURNAL,0033-3441
PUBLIC LAW,0033-3565
PUBLIC PROCUREMENT LAW REVIEW,0963-8245
QA,1971-4017
QA. LA QUESTIONE AGRARIA,1593-8441
QUADERNI AMMINISTRATIVI,1594-8943
QUADERNI CATANESI DI STUDI ANTICHI E MEDIEVALI,2280-8876
QUADERNI CATANESI DI STUDI CLASSICI E MEDIEVALI,0392-1840
QUADERNI COSTITUZIONALI,0392-6664
QUADERNI DEL CONSIGLIO DI PRESIDENZA DELLA GIUSTIZIA TRIBUTARIA,.
QUADERNI DEL CONSIGLIO SUPERIORE DELLA MAGISTRATURA,.
QUADERNI DEL CREAM,1970-867X
QUADERNI DEL DIPARTIMENTO DI ECONOMIA POLITICA,1720-9668
QUADERNI DEL DIPARTIMENTO DI SCIENZE GIURIDICHE / UNIVERSITÀ DEGLI STUDI DI BERGAMO,.
QUADERNI DEL DIPARTIMENTO DI SCIENZE POLITICHE,2239-7302
QUADERNI DEL DIPARTIMENTO DI STUDI POLITICI,.
QUADERNI DEL DOTTORATO ...,.
QUADERNI DEL PLURALISMO,.
QUADERNI DELL'OSSERVATORIO ELETTORALE,0392-6753
QUADERNI DI DIRITTO DEL LAVORO E DELLE RELAZIONI INDUSTRIALI,1593-8573
QUADERNI DI DIRITTO E POLITICA ECCLESIASTICA,1122-0392
QUADERNI DI DIRITTO ECCLESIALE,1124-1179
QUADERNI DI DIRITTO PRIVATO EUROPEO,1593-2567
QUADERNI DI RASSEGNA SINDACALE. LAVORI,1590-9689
QUADERNI DI RELAZIONI INTERNAZIONALI,1125-9663
QUADERNI DI SCIENZA POLITICA,1124-7959
QUADERNI DI SCIENZE PENALISTICHE,.
QUADERNI DI STORIA,0391-6936
QUADERNI DI STUDI EUROPEI,1827-451X
QUADERNI DI TEORIA SOCIALE,1824-4750
QUADERNI FIORENTINI PER LA STORIA DEL PENSIERO GIURIDICO MODERNO,0392-1867
QUADERNI GIULIANI DI STORIA,1124-0970
"QUADERNI ISSIRFA PER LA CONFERENZA DEI PRESIDENTI DELLE ASSEMBLEE LEGISLATIVE DELLE REGIONI E DELLEPROVINCE AUTONOME",2280-6105
QUADERNI LEIF,1970-7401
QUADERNI LUPIENSI DI STORIA E DIRITTO,2240-2772
QUADERNI MATERIALISTI,1972-3792
QUADERNI PER LA STORIA DELL'UNIVERSITA' DI PADOVA,0078-7760
QUADERNI REGIONALI,1593-862X
QUADERNI STORICI,0301-6307
QUADERNS DE FILOSOFIA I CIÈNCIA,0213-5965
QUADRIMESTRE,.
QUAESTIO,1379-2547
QUAESTIO IURIS,1807-8389
QUALE STATO,1124-4542
QUEEN MARY JOURNAL OF INTELLECTUAL PROPERTY,2045-9807
QUELLEN UND FORSCHUNGEN AUS ITALIENISCHEN ARCHIVEN UND BIBLIOTHEKEN,0079-9068
QUESTE ISTITUZIONI,1121-3353
QUESTIONE GIUSTIZIA,1720-4518
QUESTIONI DI BIOETICA,1970-7932
QUESTIONI DI DIRITTO DI FAMIGLIA,2240-4619
QUESTIONI E DOCUMENTI,1722-8557
RABELS ZEITSCHRIFT FÜR AUSLÄNDISCHES UND INTERNATIONALES PRIVATRECHT,0033-7250
RAGION PRATICA,1720-2396
RAGIUSAN. RASSEGNA GIURIDICA DELLA SANITA,1120-1762
RAISON PUBLIQUE,1767-0543
RAPPORTO SULLA LEGISLAZIONE DELLE REGIONI,2240-7316
RASSEGNA AMMINISTRATIVA DELLA SANITA,0486-0241
RASSEGNA AMMINISTRATIVA SICILIANA,1128-5893
RASSEGNA DELLA GIUSTIZIA MILITARE,0391-2787
RASSEGNA DELL'AVVOCATURA DELLO STATO,1827-5508
RASSEGNA DI DIRITTO CIVILE,0393-182X
RASSEGNA DI DIRITTO ED ECONOMIA DELLO SPORT,1970-5611
RASSEGNA DI DIRITTO FARMACEUTICO,0393-4039
RASSEGNA DI DIRITTO FARMACEUTICO E DELLA SALUTE,2284-2292
RASSEGNA DI DIRITTO PUBBLICO,0033-9512
RASSEGNA DI DIRITTO PUBBLICO EUROPEO,1722-7119
RASSEGNA DI GIURISPRUDENZA DEL LAVORO NEL VENETO,.
RASSEGNA DI STUDI E RICERCHE,1722-277X
RASSEGNA DI TEOLOGIA,0033-9644
RASSEGNA FORENSE,0557-6873
RASSEGNA GIURIDICA DELL'ENERGIA ELETTRICA,1825-0378
RASSEGNA GIURIDICA UMBRA,0483-9765
RASSEGNA ITALIANA DI CRIMINOLOGIA,1121-1717
RASSEGNA ITALIANA DI SOCIOLOGIA,0486-0349
RASSEGNA PARLAMENTARE,0486-0373
RASSEGNA PENITENZIARIA E CRIMINOLOGICA,0392-7156
RASSEGNA SICILIANA DI STORIA E CULTURA,1127-316X
RASSEGNA SINDACALE,1128-9449
RASSEGNA STORICA SALERNITANA,0394-4018
RASSEGNA STORICA TOSCANA,0033-9881
RASSEGNA SULLA ATTUAZIONE DELLA RIFORMA DELLE AUTONOMIE,1590-1122
RASSEGNA TRIBUTARIA,1590-749X
RATIO IURIS,.
RATIO JURIS,0952-1917
RATIO SOCIOLOGICA,2035-3871
RECHT DER INTERNATIONALEN WIRTSCHAFT,0340-7926
"RECHTD. REVISTA DE ESTUDOS CONSTITUCIONAIS, HERMENÊUTICA E TEORIA DO DIREITO",2175-2168
RECHTSGESCHICHTE,1619-4993
RECHTSGESCHICHTE,2195-9617
RECHTSTHEORIE,0034-1398
RECUEIL DALLOZ,1760-785X
RECUEIL DES COURS,0169-5436
REFLEXION,0710-3638
REFUGEE SURVEY QUARTERLY,1020-4067
REGIONE E GOVERNO LOCALE,0393-7437
REGIONI E COMUNITÀ LOCALI,1720-450X
REGULATION & GOVERNANCE,1748-5983
RELACIONES INTERNACIONALES,1515-3371
RELACIONES LABORALES,0213-0556
RELAZIONI INDUSTRIALI,.
RELIGION AND HUMAN RIGHTS,1871-031X
RELIGION STATE & SOCIETY,0963-7494
"RENDICONTI - ISTITUTO LOMBARDO DI SCIENZE E LETTERE. ACCADEMIA DI SCIENZE E LETTERE. CLASSE DI LETTERE ESCIENZE MORALI E STORICHE",1124-1667
RES,0277-1322
RES PUBLICA,1356-4765
RES PUBLICA,1576-4184
RES. RICERCA E SVILUPPO PER LE POLITICHE SOCIALI.,1970-9080
RESEARCH IN THE HISTORY OF ECONOMIC THOUGHT AND METHODOLOGY,0743-4154
RESPONSABILITÀ CIVILE E PREVIDENZA,0391-187X
RESPONSABILITÀ E RISARCIMENTO,1827-448X
RESPONSABILITÉ CIVILE ET ASSURANCES,0995-208X
REVIEW OF CENTRAL AND EAST EUROPEAN LAW,0925-9880
REVIEW OF CONSTITUTIONAL STUDIES,1192-8034
REVIEW OF EUROPEAN ADMINISTRATIVE LAW,1874-7981
REVIEW OF INTERNATIONAL STUDIES,0260-2105
REVIEW OF LAW & ECONOMICS,1555-5879
REVIJA ZA PRAVO OSIGURANJA,1451-1290
REVISTA - FACULTAD DE CIENCIAS JURÍRIDICAS,0798-4456
REVISTA ANDALUZA DE DERECHO DEL DEPORTE,1886-6220
REVISTA ANTHROPOS,1137-3636
REVISTA ARGENTINA DEL RÉGIMEN DE LA ADMINISTRACIÓN PÚBLICA,1666-4108
REVISTA AUTÔNOMA DE DIREITO PRIVADO,1980-0924
REVISTA BOLIVIANA DE DERECHO,2070-8157
REVISTA BRASILEIRA DE CIÊNCIAS CRIMINAIS,1415-5400
REVISTA BRASILEIRA DE DIREITO COMPARADO,1517-2163
REVISTA BRASILEIRA DE DIREITO CONSTITUCIONAL,1678-9547
REVISTA BRASILEIRA DE DIREITO DA COMUNICAÇÃO SOCIAL E LIBERDADE DE EXPRESSÃO,2179-1791
REVISTA BRASILEIRA DE DIREITO TRIBUTÁRIO E FINANÇAS PÚBLICAS,1981-2221
REVISTA BRASILEIRA DE ESTUDOS CONSTITUCIONAIS,1981-6162
REVISTA BRASILEIRA DE ESTUDOS DA FUNCAO PUBLICA,2238-2763
REVISTA BRASILEIRA DE ESTUDOS POLITICOS,0034-7191
REVISTA CATALANA DE DRET AMBIENTAL,2014-038X
REVISTA CATALANA DE DRET PÚBLIC,1885-5709
REVISTA CEJIL,1659-2123
REVISTA CIDOB D'AFERS INTERNACIONALS,1133-6595
REVISTA COSTARRICENSE DE DERECHO CONSTITUCIONAL,1409-3782
REVISTA CRÍTICA DE DERECHO INMOBILIARIO,0210-0444
REVISTA CRÍTICA DE DERECHO PRIVADO,1510-8090
REVISTA DA AJURIS,1679-1363
REVISTA DA EMERJ,1415-4951
REVISTA DA FACULDADE DE DIREITO DE CARUARU,1519-4809
REVISTA DA FACULDADE DE DIREITO DO SUL DE MINAS,1516-4551
REVISTA DA FACULDADE DE DIREITO UFPR,0104-3315
"REVISTA DA FACULDADE DE DIREITO, UNIVERSIDADE DE SÃO PAULO",0303-9838
REVISTA DE ADMINISTRACIÓN PÚBLICA (MADRID),0034-7639
REVISTA DE ADMINISTRACIÓN PÚBLICA (UNAM),0482-5209
REVISTA DE ANTROPOLOGIA SOCIAL,1191-558X
REVISTA DE ANTROPOLOGIA SOCIAL,1988-2831
REVISTA DE BIOÉTICA Y DERECHO,1886-5887
REVISTA DE DERECHO,0716-1883
REVISTA DE DERECHO,0716-9132
REVISTA DE DERECHO,0717-5345
REVISTA DE DERECHO,0718-1167
REVISTA DE DERECHO,1608-1714
REVISTA DE DERECHO - CONSEJO DE DEFENSA DEL ESTADO,0717-5469
REVISTA DE DERECHO ADMINISTRATIVO,2074-0956
REVISTA DE DERECHO BANCARIO Y BURSÁTIL,0211-6138
REVISTA DE DERECHO COMPARADO,.
REVISTA DE DERECHO COMUNITARIO EUROPEO,1138-4026
REVISTA DE DERECHO CONCURSAL Y PARACONCURSAL,1698-4188
REVISTA DE DERECHO CONSTITUCIONAL EUROPEO,1697-7890
REVISTA DE DERECHO CONSTITUCIONAL EUROPEO,1698-4889
REVISTA DE DERECHO DE SOCIEDADES,1134-7686
REVISTA DE DERECHO DEL MERCADO DE VALORES,1888-4113
REVISTA DE DERECHO DEL TRANSPORTE,1889-1810
REVISTA DE DERECHO MERCANTIL,0210-0797
REVISTA DE DERECHO MIGRATORIO Y EXTRANJERÍA,1695-3509
REVISTA DE DERECHO PENAL,1850-9266
REVISTA DE DERECHO PENAL Y CRIMINOLOGÍA,1132-9955
REVISTA DE DERECHO PENAL Y PROCESAL PENAL,1851-0353
REVISTA DE DERECHO POLITICO,0211-979X
REVISTA DE DERECHO PRIVADO,0034-7922
REVISTA DE DERECHO PRIVADO,0121-0696
REVISTA DE DERECHO PRIVADO,0123-4366
REVISTA DE DERECHO PROCESAL,.
REVISTA DE DERECHO PROCESAL,0213-1137
REVISTA DE DERECHO PUBLICO,1909-7778
REVISTA DE DERECHO SOCIAL,1138-8692
REVISTA DE DERECHO UNED,1886-9912
REVISTA DE DERECHO URBANÍSTICO Y MEDIO AMBIENTE,1139-4978
REVISTA DE DERECHO Y GENOMA HUMANO,1134-7198
REVISTA DE DERECHO Y PROCESO PENAL,1575-4022
REVISTA DE DERECHOS HUMANOS,2218-9459
REVISTA DE DIALECTOLOGIA Y TRADICIONES POPULARES,0034-7981
REVISTA DE DIREITO ADMINISTRATIVO,0034-8007
REVISTA DE DIREITO BANCÁRIO E DO MERCADO DE CAPITAIS,1415-6318
"REVISTA DE DIREITO BANCÁRIO, DO MERCADO DE CAPITAIS E DA ARBITRAGEM",1518-2703
REVISTA DE DIREITO BRASILEIRA,2237-583X
REVISTA DE DIREITO CONSTITUCIONAL E INTERNACIONAL,1518-272X
REVISTA DE DIREITO DO TRABALHO,0102-8774
REVISTA DE DIREITO INTERNACIONAL E ECONÔMICO,1678-8893
REVISTA DE DIREITOS DIFUSOS,1517-9192
REVISTA DE DIREITOS E GARANTIAS FUNDAMENTAIS,1980-7864
REVISTA DE DREPT PENAL,1223-0790
REVISTA DE ESTUDIOS DE LA ADMINISTRACIÓN LOCAL Y AUTONÓMICA,1699-7476
REVISTA DE ESTUDIOS JURÍDICOS,1576-124X
REVISTA DE ESTUDIOS POLITICOS,0048-7694
REVISTA DE ESTUDOS CRIMINAIS,1676-8698
REVISTA DE FILOSOFÂIA,0798-1171
REVISTA DE FINANÇAS PÚBLICAS E DIREITO FISCAL,1646-9127
REVISTA DE FOMENTO SOCIAL,0015-6043
"REVISTA DE INTERNET, DERECHO Y POLÍTICA",1699-8154
REVISTA DE INVESTIGACIONES JURIDICAS,0185-1438
REVISTA DE LA ESCUELA JACOBEA POSGRADO,2007-3798
REVISTA DE LA FACULTAD DE CIENCIAS SOCIALES Y JURÍDICAS,1886-6611
REVISTA DE LA FACULTAD DE DERECHO DE MÉXICO,0185-1810
REVISTA DE LA JUSTICIA PENAL,0718-4972
REVISTA DE LAS CORTES GENERALES,0213-0130
REVISTA DE LLENGUA I DRET,0212-5056
REVISTA DE PROCESSO,0100-1981
REVISTA DE RESPONSABILIDAD CIVIL Y DE SEGUROS,1666-4590
REVISTA DE RESPONSABILIDAD Y SEGUROS,1510-4419
REVISTA DE STIINTE JURIDICE,1454-3699
REVISTA DE STIINTE POLITICE SI RELATII INTERNATIONALE,1584-1723
REVISTA DE TRABAJO,0328-0764
REVISTA DE TRIBUTACION,1669-6867
REVISTA DEL DERECHO COMERCIAL Y DE LAS OBLIGACIONES,0327-4012
"REVISTA DEL DERECHO DE LAS TELECOMUNICACIONES, TRANSPORTES E INFRAESTRUCTURAS",1887-6706
REVISTA DEL INSTITUTO DE CIENCIAS PENALES Y FILOSOFÍA DEL DERECHO DE LA UNIVERSIDAD TECNOLÓGICA NACIONAL,1852-4354
REVISTA DEL MINISTERIO PÚBLICO DE LA DEFENSA,1850-4027
REVISTA DEL POSGRADO EN DERECHO DE LA UNAM,.
REVISTA DERECHO DEL ESTADO,0122-9893
REVISTA DERECHO PENAL CONTEMPORÁNEO,1692-1682
REVISTA D'ESTUDIS AUTONÒMICS I FEDERALS,1886-2632
REVISTA DIREITO AMBIENTAL E SOCIEDADE,2237-0021
REVISTA DIREITO GV,1808-2432
REVISTA DIREITOS FUNDAMENTAIS & DEMOCRACIA,1982-0496
REVISTA DO CONSELHO NACIONAL DO MINISTÉRIO PÚBLICO,2236-2363
REVISTA DO DIREITO,0104-9496
REVISTA DO MINISTÉRIO PÚBLICO DO ESTADO DO PARÁ,1980-5535
REVISTA DO TRIBUNAL REGIONAL DO TRABALHO DA 15a REGIÃO,1679-8694
REVISTA DOS TRIBUNAIS,0034-9275
REVISTA ELECTRÓNICA DE CIENCIA PENAL Y CRIMINOLOGÍA,1695-0194
REVISTA ELECTRÓNICA DE ESTUDIOS INTERNACIONALES,1697-5197
REVISTA ELETRÔNICA DE DIREITO PROCESSUAL,"1982-7636."
REVISTA ESPANOLA DE DERECHO ADMINISTRATIVO,0210-8461
REVISTA ESPAÑOLA DE DERECHO CANÓNICO,0034-9372
REVISTA ESPAÑOLA DE DERECHO CONSTITUCIONAL,0211-5743
REVISTA ESPAÑOLA DE DERECHO INTERNACIONAL,0034-9380
REVISTA ESPAÑOLA DE LA FUNCIÓN CONSULTIVA,1698-6849
REVISTA ESPAÑOLA DE RELACIONES INTERNACIONALES,1989-6565
REVISTA ESPANOLA DE TEOLOGIA,0210-7112
REVISTA EUROPEA DE DERECHO DE LA NAVEGACIÓN MARÍTIMA Y AERONÁUTICA,1130-2127
REVISTA EUROPEA DE DERECHOS FUNDAMENTALES,1699-1524
REVISTA EUROPEA DE ESTUDIOS LATINOAMERICANOS Y DEL CARIBE,0924-0608
REVISTA FÓRUM DE DIREITO TRIBUTÁRIO,1678-8656
REVISTA GENERAL DE DERECHO CANÓNICO Y DERECHO ECLESIÁSTICO DEL ESTADO,1696-9669
REVISTA GENERAL DE DERECHO CONSTITUCIONAL,1886-6212
REVISTA GENERAL DE DERECHO PENAL,1698-1189
REVISTA GENERAL DE DERECHO PROCESAL,1696-9642
REVISTA GENERAL DE DERECHO PÚBLICO COMPARADO,1988-5091
REVISTA GENERAL DE DERECHO ROMANO,1697-3046
REVISTA GENERAL DE LEGISLACIÓN Y JURISPRUDENCIA,0210-8518
REVISTA IBEROAMERICANA DE DERECHO PROCESAL CONSTITUCIONAL,1870-8390
REVISTA INTERNACIONAL DE ARBITRAJE,1794-4252
REVISTA INTERNACIONAL DE DERECHO ROMANO,1989-1970
REVISTA INTERNACIONAL DE DIREITO E CIDADANIA,1983-1811
REVISTA INTERNACIONAL DE FILOSOFÍA POLÍTICA,1132-9432
REVISTA INTERNACIONAL DE FILOSOFÍA PRÁCTICA,1667-3107
REVISTA JURIDICA,0103-5622
REVISTA JURÍDICA,1390-3071
REVISTA JURÍDICA DA FADISMA,1982-1034
REVISTA JURÍDICA DE BUENOS AIRES,0326-7431
REVISTA JURÍDICA DE CANARIAS,1886-7588
REVISTA JURÍDICA DE DAÑOS,.
REVISTA JURÍDICA DE FACULTAD DE DERECHO,1850-1729
REVISTA JURÍDICA DE INVESTIGACIÓN E INNOVACIÓN EDUCATIVA,1989-8754
REVISTA JURÍDICA DEL DEPARTAMENTO DE DERECHO ECONÓMICO,1851-3808
REVISTA JURÍDICA DEL PERÚ,0484-7784
REVISTA JURÍDICA TRIBUTÁRIA,1983-5523
REVISTA LATINOAMERICANA DE DERECHO TRIBUTARIO,1137-6139
REVISTA LATINO-AMERICANA DE ESTUDOS CONSTITUCIONAIS,1678-6742
REVISTA MESTRADO EM DIREITO,1808-513X
REVISTA MEXICANA DE DERECHO INTERNACIONAL PRIVADO Y COMPARADO,.
REVISTA MIGRAÇÕES,1646-8104
REVISTA NACIONAL DE DIREITO DO TRABALHO,1415-5192
REVISTA NOVOS RUMOS,0102-5864
REVISTA OABRJ,1984-2627
REVISTA PENAL,1138-9168
REVISTA PERUANA DE DERECHO PROCESAL,1991-1688
REVISTA PERUANA DE DERECHO PÚBLICO,.
REVISTA PORTUGUESA DE CIÊNCIA POLÍTICA,1647-4090
REVISTA PROYECTO DECINE,1989-8592
REVISTA ROMANA DE BIOETICA,1583-5170
REVISTA ROMANA DE DREPT EUROPEAN,2068-8083
REVISTA ROMÂNĂ DE DREPT INTERNAŢIONAL,1584-1898
REVISTA ROMÂNĂ DE DREPT PRIVAT,1843-2646
REVISTA SÍNTESE. DIREITO DE FAMÍLIA,2179-1635
REVISTA TRABALHISTA,1677-2784
REVISTA TRIMESTRAL DE DIREITO CIVIL,1518-2010
REVISTA ULTIMA RATIO,.
REVISTA UNIVERSITARIA DE CIENCIAS DEL TRABAJO,1576-2904
REVISTA VASCA DE ADMINISTRACIÓN PÚBLICA,0211-9560
REVUE BELGE DE DROIT CONSTITUTIONNEL,1374-2558
REVUE BELGE DE DROIT INTERNATIONAL,0035-0788
REVUE CÍRKEVNÍHO PRÁVA,1211-1635
REVUE CRITIQUE DE DROIT INTERNATIONAL PRIVE,0035-0958
REVUE D’ARBITRAGE ET DE MEDIATION,1923-6794
REVUE DE DROIT CANONIQUE,0556-7378
REVUE DE DROIT COMPARE DU TRAVAIL ET DE LA SECURITE SOCIALE,2117-4350
REVUE DE DROIT DE L'UNION EUROPEENNE,1624-365X
REVUE DE DROIT DE L'UNIVERSITÉ LIBRE DE BRUXELLES,0779-5572
REVUE DE DROIT DES AFFAIRES INTERNATIONALES,0295-5830
REVUE DE DROIT DU TRAVAIL,1951-0152
REVUE DE DROIT FISCAL,1279-8436
REVUE DE DROIT INTERNATIONAL ET DE DROIT COMPARÉ,0775-4663
REVUE DE DROIT PENAL ET DE CRIMINOLOGIE,0035-4384
REVUE DE DROIT RURAL,0395-9015
REVUE DE JURISPRUDENCE COMMERCIALE,0048-7937
"REVUE DE LA RECHERCHE JURIDIQUE, DROIT PROSPECTIF",0249-8731
REVUE DE L'ARBITRAGE,0556-7440
REVUE DE SCIENCE CRIMINELLE ET DE DROIT PÉNAL COMPARÉ,0035-1733
REVUE DES AFFAIRES EUROPEENNES,1152-9172
REVUE DES CONTRATS,1763-5594
REVUE DES SOCIÉTÉS,0242-5424
REVUE D'HISTOIRE DES FACULTÉS DE DROIT ET DE LA SCIENCE JURIDIQUE,0989-7925
REVUE D'INTÉGRATION EUROPÉENNE = JOURNAL OF EUROPEAN INTEGRATION,0703-6337
REVUE DROIT & SANTÉ,1769-1036
REVUE DU DROIT PUBLIC ET DE LA SCIENCE POLITIQUE EN FRANCE ET À L'ÉTRANGER,0035-2578
REVUE ÉLÉCTRONIQUE DE L'ASSOCIATION INTERNATIONALE DE DROIT PÉNAL,1993-2995
REVUE EUROPÉENNE DE DROIT DE LA CONSOMMATION,0775-3209
REVUE EUROPÉENNE DE DROIT DE L'ENVIRONNEMENT,1283-8446
REVUE EUROPÉENNE DE DROIT PUBLIC,1105-1590
REVUE FRANCAISE D'ADMINISTRATION PUBLIQUE,0152-7401
REVUE FRANCAISE DE DROIT ADMINISTRATIF,0763-1219
REVUE FRANÇAISE DE DROIT CONSTITUTIONNEL,1151-2385
REVUE FRANCAISE DE FINANCES PUBLIQUES,0294-0833
REVUE FRANÇAISE DES AFFAIRES SOCIALES,0035-2985
REVUE GÉNÉRALE DE DROIT,0035-3086
REVUE GÉNÉRALE DE DROIT INTERNATIONAL PUBLIC,0373-6156
REVUE HELLENIQUE DE DROIT INTERNATIONAL,0035-3256
REVUE HISTORIQUE DE DROIT FRANÇAIS ET ÉTRANGER,0035-3280
REVUE INTERDISCIPLINAIRE D'ETUDES JURIDIQUES,0770-2310
REVUE INTERNATIONALE DE CRIMINOLOGIE ET DE POLICE TECHNIQUE ET SCIENTIFIQUE,1424-4683
REVUE INTERNATIONALE DE DROIT COMPARÉ,0035-3337
REVUE INTERNATIONALE DE DROIT ECONOMIQUE,1010-8831
REVUE INTERNATIONALE DE DROIT PENAL,0223-5404
REVUE INTERNATIONALE DE LANGUES JURIDIQUES ET DE DROIT COMPARÉ,1632-4005
REVUE INTERNATIONALE DE SOCIOLOGIE,0390-6701
REVUE INTERNATIONALE DES DROITS DE L'ANTIQUITÉ,0772-9235
REVUE INTERNATIONALE DES SCIENCES ADMINISTRATIVES,0303-965X
REVUE JURIDIQUE DE L'OUEST,0990-1027
REVUE JURIDIQUE THEMIS,0556-7963
REVUE PÉNITENTIAIRE ET DE DROIT PÉNAL,0035-3825
REVUE PHILOSOPHIQUE DE LA FRANCE ET DE L'ÉTRANGER,0035-3833
REVUE PHILOSOPHIQUE DE LOUVAIN,0035-3841
REVUE QUÉBÉCOISE DE DROIT INTERNATIONAL,0828-9999
REVUE SEMESTRIELLE DE DROIT ANIMALIE,.
REVUE TRIMESTRIELLE DE DROIT CIVIL,0397-9873
REVUE TRIMESTRIELLE DE DROIT COMMERCIAL ET DE DROIT ÉCONOMIQUE,0244-9358
REVUE TRIMESTRIELLE DE DROIT EUROPÉEN,0035-4317
REVUE TRIMESTRIELLE DE DROIT FINANCIER,1952-7233
REVUE TRIMESTRIELLE DES DROITS DE L'HOMME,0777-3579
REVUS,1581-7652
RGL NEWS. NOTIZIARIO DELLA RIVISTA GIURIDICA DEL LAVORO,.
RICERCHE GIURIDICHE,2281-6100
RIFD. RIVISTA INTERNAZIONALE DI FILOSOFIA DEL DIRITTO,1593-7135
RIGHT OF PUBLICITY,2045-4325
RIME – RIVISTA DELL’ISTITUTO DI STORIA DELL’EUROPA MEDITERRANEA,2035-794X
RISORGIMENTO E MEZZOGIORNO,2038-5021
RITORNO AL DIRITTO,1827-0263
RITSUMEIKAN HŌGAKU,0483-1330
RIVISTA AIC,2039-8298
RIVISTA AMMINISTRATIVA DEGLI APPALTI,1590-6922
RIVISTA AMMINISTRATIVA DELLA REGIONE VENETO,1828-5554
RIVISTA AMMINISTRATIVA DELLA REPUBBLICA ITALIANA,0035-5763
RIVISTA ARCHEOLOGICA DELL'ANTICA PROVINCIA E DIOCESI DI COMO,1124-3147
RIVISTA BANCARIA. MINERVA BANCARIA,1594-7556
RIVISTA CRITICA DEL DIRITTO PRIVATO,1123-1025
RIVISTA DEGLI INFORTUNI E DELLE MALATTIE PROFESSIONALI,0035-5836
RIVISTA DEI DOTTORI COMMERCIALISTI,0485-2281
RIVISTA DEI TRIBUTI LOCALI,1593-2788
RIVISTA DEL DIRITTO COMMERCIALE E DEL DIRITTO GENERALE DELLE OBBLIGAZIONI,0035-5887
RIVISTA DEL DIRITTO DELLA NAVIGAZIONE,0035-5895
RIVISTA DEL DIRITTO DELLA SICUREZZA SOCIALE,1720-562X
RIVISTA DEL NOTARIATO,0391-1888
RIVISTA DELLA COOPERAZIONE,0392-7210
RIVISTA DELLA COOPERAZIONE GIURIDICA INTERNAZIONALE,1129-2113
RIVISTA DELLA CORTE DEI CONTI,0392-5358
RIVISTA DELLA FACOLTÀ DI SCIENZE MOTORIE DELL'UNIVERSITÀ DEGLI STUDI DI PALERMO,1974-4331
RIVISTA DELLA GUARDIA DI FINANZA,0035-595X
RIVISTA DELLA PREVIDENZA PUBBLICA E PRIVATA,1826-3739
RIVISTA DELLA SCUOLA SUPERIORE DELL'ECONOMIA E DELLE FINANZE,.
RIVISTA DELL'AGENZIA DEL TERRITORIO,1593-2192
RIVISTA DELL'ARBITRATO,1122-0147
RIVISTA DELLE SOCIETA',0035-6018
RIVISTA DELL'ESECUZIONE FORZATA,1590-6876
RIVISTA DI BIOLOGIA,0035-6050
"RIVISTA DI CRIMINOLOGIA, VITTIMOLOGIA E SICUREZZA",1971-033X
RIVISTA DI CULTURA CLASSICA E MEDIOEVALE,0035-6085
RIVISTA DI DIRITTO AGRARIO,0391-8696
RIVISTA DI DIRITTO ALIMENTARE,1973-3593
RIVISTA DI DIRITTO BANCARIO,2279-9737
RIVISTA DI DIRITTO CIVILE,0035-6093
RIVISTA DI DIRITTO COSTITUZIONALE,1128-7667
RIVISTA DI DIRITTO DEI TRASPORTI,1971-6966
"RIVISTA DI DIRITTO DELL'ECONOMIA, DEI TRASPORTI E DELL'AMBIENTE",1724-7322
RIVISTA DI DIRITTO DELL'IMPRESA,1593-9502
RIVISTA DI DIRITTO ED ECONOMIA DELLO SPORT,1825-666X
RIVISTA DI DIRITTO ED ECONOMIA DELLO SPORT,1825-6678
RIVISTA DI DIRITTO ED ECONOMIA VALUTARIA,1593-8484
RIVISTA DI DIRITTO ELLENICO,2239-6675
RIVISTA DI DIRITTO EUROPEO,0035-6123
RIVISTA DI DIRITTO FINANZIARIO E SCIENZA DELLE FINANZE,0035-6131
RIVISTA DI DIRITTO INDUSTRIALE,0035-614X
RIVISTA DI DIRITTO INTERNAZIONALE,0035-6158
RIVISTA DI DIRITTO INTERNAZIONALE PRIVATO E PROCESSUALE,0035-6174
RIVISTA DI DIRITTO MINORILE,.
RIVISTA DI DIRITTO PRIVATO,1128-2142
RIVISTA DI DIRITTO PROCESSUALE,0035-6182
RIVISTA DI DIRITTO ROMANO,1720-3694
RIVISTA DI DIRITTO ROMANO,2039-9677
RIVISTA DI DIRITTO SOCIETARIO,1972-9243
RIVISTA DI DIRITTO SPORTIVO,0048-8372
RIVISTA DI DIRITTO TRIBUTARIO,1121-4074
RIVISTA DI DIRITTO TRIBUTARIO INTERNAZIONALE,1824-1476
"RIVISTA DI DIRITTO, ECONOMIA E GESTIONE DELLE NUOVE TECNOLOGIE",1825-5906
RIVISTA DI ESTETICA,0035-6212
RIVISTA DI FILOSOFIA,0035-6239
RIVISTA DI FILOSOFIA DEL DIRITTO,2280-482X
RIVISTA DI FILOSOFIA NEO-SCOLASTICA,0035-6247
RIVISTA DI GIURISPRUDENZA ED ECONOMIA D'AZIENDA,1973-0152
RIVISTA DI MERCEOLOGIA,0392-064X
RIVISTA DI POLITICA,2037-495X
RIVISTA DI PSICOANALISI,0035-6492
RIVISTA DI PSICOLOGIA,0393-0610
RIVISTA DI SCIENZE DELL'EDUCAZIONE,0393-3849
RIVISTA DI SCIENZE RELIGIOSE,.
RIVISTA DI STORIA DEL CRISTIANESIMO,1827-7365
RIVISTA DI STORIA DEL DIRITTO ITALIANO,0390-6744
RIVISTA DI STORIA DELLA FILOSOFIA,0393-2516
RIVISTA DI STORIA E LETTERATURA RELIGIOSA,0035-6573
RIVISTA DI STORIA ECONOMICA,0393-3415
RIVISTA DI STORIA FINANZIARIA,1721-6060
"RIVISTA DI STORIA, ARTE, ARCHEOLOGIA PER LE PROVINCE DI ALESSANDRIA E DI ASTI",2035-8644
RIVISTA DI STUDI BIZANTINI E NEOELLENICI,0557-1367
RIVISTA DI STUDI POLITICI,1120-4036
RIVISTA DI STUDI POLITICI INTERNAZIONALI,0035-6611
RIVISTA DI STUDI POMPEIANI,1120-3579
RIVISTA DI STUDI SULLO STATO,2038-4882
RIVISTA DI STUDI UTOPICI,2035-8873
RIVISTA DI TEOLOGIA MORALE,0391-0946
"RIVISTA ELETTRONICA DI DIRITTO, ECONOMIA, MANAGEMENT",2039-4926
RIVISTA GIURIDICA DEL LAVORO E DELLA PREVIDENZA SOCIALE,0392-7229
RIVISTA GIURIDICA DEL MEZZOGIORNO,1120-9542
RIVISTA GIURIDICA DEL MOLISE E DEL SANNIO,1120-8848
RIVISTA GIURIDICA DELLA SCUOLA,0391-1845
RIVISTA GIURIDICA DELL'AMBIENTE,0394-2287
RIVISTA GIURIDICA DELL'EDILIZIA,0485-2435
RIVISTA GIURIDICA DI URBANISTICA,0394-8420
RIVISTA GIURIDICA QUADRIMESTRALE DEI PUBBLICI SERVIZI,1824-1891
RIVISTA GIURIDICA SARDA,0394-0942
RIVISTA INTERNAZIONALE DEI DIRITTI DELL'UOMO,0394-6495
RIVISTA INTERNAZIONALE DI DIRITTO COMUNE,1120-5695
RIVISTA INTERNAZIONALE DI FILOSOFIA DEL DIRITTO,0035-6727
RIVISTA INTERNAZIONALE DI SCIENZE SOCIALI,0035-676X
RIVISTA ITALIANA DEL LEASING,1125-8667
RIVISTA ITALIANA DI COMUNICAZIONE PUBBLICA,1591-7304
RIVISTA ITALIANA DI CONFLITTOLOGIA,1971-1921
RIVISTA ITALIANA DI DIRITTO DEL LAVORO,0393-2494
RIVISTA ITALIANA DI DIRITTO DEL TURISMO,2039-9022
RIVISTA ITALIANA DI DIRITTO E PROCEDURA PENALE,0557-1391
RIVISTA ITALIANA DI DIRITTO PUBBLICO COMUNITARIO,1121-404X
RIVISTA ITALIANA DI GRUPPOANALISI,1721-6664
RIVISTA ITALIANA DI MEDICINA LEGALE,1124-3376
RIVISTA ITALIANA DI STUDI NAPOLEONICI,0035-6913
RIVISTA ITALIANA PER LE SCIENZE GIURIDICHE,0390-6760
RIVISTA MARITTIMA,0035-6964
RIVISTA PEDIATRICA SICILIANA,0035-7014
RIVISTA PENALE,0035-7022
RIVISTA PENALE DELL'ECONOMIA,1128-8078
RIVISTA QUADRIMESTRALE DI DIRITTO DELL’AMBIENTE,2239-964X
RIVISTA ROSMINIANA DI FILOSOFIA E DI CULTURA,0035-7030
RIVISTA SPERIMENTALE DI FRENIATRIA,1129-6437
RIVISTA SPERIMENTALE DI FRENIATRIA,1972-5582
RIVISTA STORICA DEL SANNIO,1720-0113
RIVISTA STORICA DELL'ANTICHITA',0300-340X
RIVISTA STORICA ITALIANA,0035-7073
RIVISTA TEOLOGICA DI LUGANO,1420-6730
RIVISTA TICINESE DI DIRITTO,1661-0954
RIVISTA TRIMESTRALE DEGLI APPALTI,0394-8374
RIVISTA TRIMESTRALE DELLA SCUOLA DI PERFEZIONAMENTO PER LE FORZE DI POLIZIA,2283-3048
RIVISTA TRIMESTRALE DI DIRITTO DELL’ECONOMIA,2036-4873
RIVISTA TRIMESTRALE DI DIRITTO E PROCEDURA CIVILE,0391-1896
RIVISTA TRIMESTRALE DI DIRITTO PENALE DELL'ECONOMIA,1121-1725
RIVISTA TRIMESTRALE DI DIRITTO PUBBLICO,0557-1464
RIVISTA TRIMESTRALE DI DIRITTO TRIBUTARIO,2280-1332
RIVISTA TRIMESTRALE DI SCIENZA DELL'AMMINISTRAZIONE,0391-190X
RIVISTA TRIMESTRALE DI SCIENZA DELL'AMMINISTRAZIONE SCOLASTICA,.
RM RIVISTA,1593-2214
ROMA E AMERICA. DIRITTO ROMANO COMUNE,1125-7105
ROMAN LAW AND MODERN CIVIL LAW. THE ANNALS OF THE INSTITUTE OF ROMAN LAW OF XIAMEN UNIVERSITY,.
ROMAN LEGAL TRADITION,1551-1375
ROMANIAN REVIEW OF EUROPEAN GOVERNANCE STUDIES,2066-4885
ROMANOBARBARICA,0391-285X
ROMISCHE HISTORISCHE MITTEILUNGEN,0080-3790
ROSSIISKAIA IUSTITSIIA,0131-6761
RR. ROMA NEL RINASCIMENTO,2036-2463
RS RIFIUTI SOLIDI,0394-5391
RSA JOURNAL,1592-4467
RSDE. REVISTA SEMESTRAL DE DIREITO EMPRESARIAL,1983-5264
"RUCH PRAWNICZY, EKONOMICZNY I SOCJOLOGICZNY",0035-9629
RUTGERS LAW JOURNAL,0277-318X
S & P. SALUTE E PREVENZIONE,1592-0216
S&F SCIENZAEFILOSOFIA.IT.,2036-2927
SALESIANUM,0036-3502
SALUTE E SOCIETÀ,1723-9427
SALUTE PERSONA CITTADINANZA,2280-4218
SAMNIUM,0391-8718
SANITÀ PUBBLICA E PRIVATA,1722-7194
SAPIENZA,0036-4711
SCHWEIZERISCHE ZEITSCHRIFT FÜR STRAFRECHT,0036-7893
SCIENTIA IURIDICA,0870-8185
SCIENZA & POLITICA,1590-4946
SCIENZA DELL'AMMINISTRAZIONE SCOLASTICA,2035-133X
SCRIPT-ED,1744-2567
SCRITTURE DI STORIA,1590-7945
SEMESTRE EUROPEO,2281-115X
SEMINARIOS COMPLUTENSES DE DERECHO ROMANO,1135-7673
SEMINARIUM,0582-6314
SEMIOTICHE,.
SERVIZI PUBBLICI E APPALTI,1825-0408
SETON HALL LAW REVIEW,0586-5964
SINTESI DIALETTICA,2037-2957
SISTEMA PENAL & VIOLÊNCIA,2177-6784
SOCIAL & LEGAL STUDIES,0964-6639
SOCIAL SCIENCE RESEARCH,0049-089X
SOCIAL SCIENCE REVIEW,1843-1550
SOCIETÀ BILANCIO E CONTABILITÀ,0394-3631
SOCIETÀ E STORIA,0391-6987
SOCIETAS COMMUNITAS,1895-6890
"SOCIÉTÉ, DROIT & RELIGION",2110-6657
SOCIOLOGIA,0038-0156
SOCIOLOGIA DEL DIRITTO,0390-0851
SOCIOLOGIA E POLITICHE SOCIALI,1591-2027
SOCIOLOGIA E RICERCA SOCIALE,1121-1148
SOFT POWER. REVISTA EURO-AMERICANA DE TEORÍA E HISTORIA DE LA POLITICA,2389-8232
SORTUZ,1988-0847
SOUTHERN ILLINOIS UNIVERSITY LAW JOURNAL,0145-3432
SRAVNITELʹNOE KONSTITUCIONNOE OBOZRENIE,1812-7126
ST. JOHN'S LAW REVIEW,0036-2905
STALS,1974-5656
STANFORD JOURNAL OF INTERNATIONAL LAW,0731-5082
STATO E MERCATO,0392-9701
"STATO, CHIESE E PLURALISMO CONFESSIONALE",1971-8543
STIMMEN DER ZEIT,0039-1492
STORIA AMMINISTRAZIONE COSTITUZIONE,1126-5825
STORIA E POLITICA,2036-3907
STORIA E POLITICA,2037-0520
STORIA POLITICA SOCIETÀ,2239-5156
STORICA,1125-0194
STORICAMENTE,1825-411X
STORIOGRAFIA,1128-2339
STROMATA,0049-2353
STROMATA,1695-6346
STRUMENTI FINANZIARI E FISCALITÀ,2038-8527
STRUMENTIRES,2279-6851
STUDENTISCHEN ZEITSCHRIFT FÜR RECHTSWISSENSCHAFT HEIDELBERG,.
STUDI DANTESCHI,0391-7835
STUDI DI ESTETICA,0585-4733
STUDI E MATERIALI,1720-5743
STUDI E NOTE DI ECONOMIA. QUADERNI,1720-4100
STUDI ECONOMICI,0039-2928
STUDI ECONOMICO-GIURIDICI,1971-5692
STUDI FRANCESI,0039-2944
STUDI ITALIANI DI FILOLOGIA CLASSICA,0039-2987
STUDI KANTIANI,1123-4938
STUDI LINGUISTICI ITALIANI,0394-3569
STUDI MAGREBINI,0585-4954
STUDI MEDIEVALI,0391-8467
STUDI PARLAMENTARI E DI POLITICA COSTITUZIONALE,0303-9714
STUDI PARMENSI,0562-2646
STUDI PIACENTINI,1125-1972
STUDI PIEMONTESI,0392-7261
STUDI ROMANI,0039-2995
STUDI SECENTESCHI,0081-6248
STUDI SENESI,0039-3010
STUDI SETTECENTESCHI,0392-7326
STUDI STORICI,0039-3037
STUDI SULLA QUESTIONE CRIMINALE,1828-4973
STUDI SULL'INTEGRAZIONE EUROPEA,1970-0903
STUDI SULL'ORIENTE CRISTIANO,1127-2171
STUDI TRENTINI DI SCIENZE STORICHE. SEZIONE PRIMA,0392-0690
STUDI TRENTINI DI SCIENZE STORICHE. SEZIONE SECONDA,0392-0704
STUDI TRENTINI. STORIA,2240-0338
STUDI TRIBUTARI EUROPEI,2036-3583
STUDI UMANISTICI PICENI,1126-4764
"STUDI URBINATI B, SCIENZE UMANE E SOCIALI",1125-2057
STUDI URBINATI DI SCIENZE GIURIDICHE POLITICHE ED ECONOMICHE. NUOVA SERIE A,1825-1676
STUDI VENEZIANI,0392-0437
STUDIA ANTIQUA ET ARCHEOLOGICA,1224-2284
STUDIA DIPLOMATICA,0770-2965
STUDIA ET DOCUMENTA,1970-4879
STUDIA ET DOCUMENTA HISTORIAE ET IURIS,1026-9169
STUDIA PATAVINA,0039-3304
STUDIA PHAENOMENOLOGICA,1582-5647
STUDIA POLITICA,1582-4551
STUDIA PRAWNOUSTROJOWE,1644-0412
STUDIA UNIVERSITATIS BABES-BOLYAI. IURISPRUDENTIA,1220-045X
STUDII CLASICE,0081-8844
STUDIUM EDUCATIONIS,1722-8395
STUDIUM IURIS,1722-8387
SUD IN EUROPA,1825-6112
SUMMA,2039-5418
SUSTAINABILITY SCIENCE,1862-4065
SVILUPPO ECONOMICO,1121-9483
SWISS POLITICAL SCIENCE REVIEW,1424-7755
SYNESIS,1984-6754
SYRACUSE JOURNAL OF INTERNATIONAL LAW AND COMMERCE,0093-0709
SYZETESIS,1974-5044
TAX LAW REVIEW,0040-0041
TAX NOTES INTERNATIONAL,1048-3306
TECHNE,1825-9073
TECNICHE NORMATIVE,1973-3313
TELECOMMUNICATIONS POLICY,0308-5961
TELOS,0090-6514
TEMAS LABORALES,0213-0750
TEMI ROMANA,0495-0658
TEMILAVORO.IT SINOSSI INTERNET DI DIRITTO DEL LAVORO E DELLA SICUREZZA SOCIALE,1826-9028
TEMPERANTER,2037-2965
TEMPLE INTERNATIONAL AND COMPARATIVE LAW JOURNAL,0889-1915
TEORIA,1122-1259
TEORIA DEL DIRITTO E DELLO STATO,1721-8098
TEORIA E CRITICA DELLA REGOLAZIONE SOCIALE,1970-5476
TEORIA E STORIA DEL DIRITTO PRIVATO,2036-2528
TEORIA POLITICA,0394-1248
TEORÍA Y REALIDAD CONSTITUCIONAL,1139-5583
TEORÍA Y REALIDAD CONSTITUCIONAL,2174-8950
TERRESTRIAL & AQUATIC ENVIRONMENTAL TOXICOLOGY,1749-0324
TEXAS INTELLECTUAL PROPERTY LAW JOURNAL,1068-1000
TEXAS INTERNATIONAL LAW JOURNAL,0163-7479
THE AGE OF HUMAN RIGHTS,2340-9592
THE AMERICAN CRIMINAL LAW REVIEW,0164-0364
THE AMERICAN JOURNAL OF COMPARATIVE LAW,0002-919X
THE AMERICAN JOURNAL OF ECONOMICS AND SOCIOLOGY,0002-9246
THE AMERICAN JOURNAL OF JURISPRUDENCE,0065-8995
THE AMERICAN JOURNAL OF LEGAL HISTORY,0002-9319
THE AMERICAN REVIEW OF INTERNATIONAL ARBITRATION,1050-4109
"THE AMERICAN UNIVERSITY JOURNAL OF GENDER, SOCIAL POLICY & THE LAW",1557-3753
THE AUSTRALASIAN JOURNAL OF LOGIC,1448-5052
THE AVIATION & MARITIME JOURNAL,.
THE BRITISH YEAR BOOK OF INTERNATIONAL LAW,0068-2691
THE CAMBRIDGE LAW JOURNAL,0008-1973
THE CAMBRIDGE LAW JOURNAL,1469-2139
THE CAMBRIDGE YEARBOOK OF EUROPEAN LEGAL STUDIES,1528-8870
THE CANADIAN JOURNAL OF LAW AND JURISPRUDENCE,0841-8209
THE CARDOZO ELECTRONIC LAW BULLETIN,1128-322X
THE COLUMBIA JOURNAL OF EUROPEAN LAW,1076-6715
THE COMPETITION LAW REVIEW,1745-638X
THE CRIMINAL LAW REVIEW,0011-135X
THE DELAWARE JOURNAL OF CORPORATE LAW,0364-9490
THE EUROPEAN LEGAL FORUM,1615-9659
THE EUROPEAN LEGAL FORUM,2192-7138
THE EUROPEAN LEGAL FORUM. SECTION II,1861-8391
THE EUROPEAN UNION REVIEW,1606-8963
THE FINNISH YEARBOOK OF INTERNATIONAL LAW,0786-6453
THE FORDHAM URBAN LAW JOURNAL,0199-4646
THE GEORGE WASHINGTON INTERNATIONAL LAW REVIEW,1534-9977
THE GLOBAL STUDIES JOURNAL,1835-4432
THE ICC INTERNATIONAL COURT OF ARBITRATION BULLETIN,1017-284X
THE ICFAI JOURNAL OF CORPORATE AND SECURITIES LAW,0973-2640
THE ICFAI JOURNAL OF ENVIRONMENTAL LAW,0972-6942
THE INDIAN JOURNAL OF INTERNATIONAL LAW,0019-5294
THE INTERNATIONAL AND COMPARATIVE LAW QUARTERLY,0020-5893
THE INTERNATIONAL JOURNAL OF CHILDREN'S RIGHTS,0927-5568
THE INTERNATIONAL JOURNAL OF HUMAN RIGHTS,1364-2987
THE INTERNATIONAL JOURNAL OF MARINE AND COASTAL LAW,0927-3522
THE INTERNATIONAL JOURNAL OF PUBLIC SECTOR MANAGEMENT,0951-3558
THE INTERNATIONAL JOURNAL OF THE ARTS IN SOCIETY,1833-1866
THE INTERNATIONAL JOURNAL OF THE HUMANITIES,1447-9508
THE INTERNATIONAL LAWYER,0020-7810
THE INTERNATIONAL SPECTATOR,0393-2729
THE JOHN MARSHALL JOURNAL OF COMPUTER & INFORMATION LAW,1078-4128
THE JOURNAL OF BIOLAW & BUSINESS,1095-5127
THE JOURNAL OF COMPARATIVE LAW,1477-0814
THE JOURNAL OF CRIMINAL LAW,0022-0183
THE JOURNAL OF ECONOMIC PERSPECTIVES,0895-3309
THE JOURNAL OF INTERNATIONAL MARITIME LAW,1478-8586
THE JOURNAL OF JEWISH STUDIES,0022-2097
THE JOURNAL OF LAW & ECONOMICS,0022-2186
THE JOURNAL OF LAW AND COMMERCE,0733-2491
THE JOURNAL OF LEGAL HISTORY,0144-0365
THE JOURNAL OF MARKETS & MORALITY,1098-1217
THE JURIST,0022-6858
THE JURIST,2326-6236
THE KING'S COLLEGE LAW JOURNAL,0961-5768
THE LAW AND PRACTICE OF INTERNATIONAL COURTS AND TRIBUNALS,1569-1853
THE LAW QUARTERLY REVIEW,0023-933X
THE MINNESOTA REVIEW,0026-5667
THE MODERN LAW REVIEW,0026-7961
THE NEW JOURNAL OF EUROPEAN CRIMINAL LAW,2032-2844
THE PLURALIST,1930-7365
THE POLISH YEARBOOK OF INTERNATIONAL LAW,0554-498X
THE REVIEW OF FAITH & INTERNATIONAL AFFAIRS,1557-0274
THE SUPREME COURT LAW REVIEW,0228-0108
THE TRADE-MARK REPORTER,0041-056X
THE UNIVERSITY OF TORONTO LAW JOURNAL,0042-0220
THE WESTERN AUSTRALIAN JURIST,1838-6156
THE YEARBOOK OF POLAR LAW,1876-8814
THÉMIS. REVISTA DE DERECHO,1810-9934
THEOLOGICA & HISTORICA,1973-6193
THEOLOGIE UND PHILOSOPHIE,0040-5655
THEORETICAL AND PRACTICAL RESEARCH IN ECONOMIC FIELDS,2068-7710
THEORETICAL CRIMINOLOGY,1362-4806
THEORETICAL INQUIRIES IN LAW,1565-1509
THEORIA,0040-5825
TIGOR,2035-584X
TIJDSCHRIFT VOOR RECHTSGESCHIEDENIS,0040-7585
TILBURG FOREIGN LAW REVIEW,0926-874X
TOLLEY'S COMMUNICATIONS LAW,1361-9918
TOPSCAPE PAYSAGE,2279-7610
TOTTEL'S JOURNAL OF IMMIGRATION ASYLUM AND NATIONALITY LAW.,1746-7632
TOURO INTERNATIONAL LAW REVIEW,.
TOXICOLOGY AND APPLIED PHARMACOLOGY,0041-008X
TRANSFUSION,0041-1132
TRANSFUSION AND APHERESIS SCIENCE,1473-0502
TRANSITION STUDIES REVIEW,1614-4007
TRANSLATIONAL MEDICINE @ UNISA,2239-9747
TRANSNATIONAL DISPUTE MANAGEMENT,1875-4120
TRANSNATIONAL LAW & CONTEMPORARY PROBLEMS,1058-1006
TRANSNATIONAL LEGAL THEORY,2041-4005
TRANSYLVANIAN REVIEW OF ADMINISTRATIVE SCIENCES,1842-2845
TRIA,1974-6849
TRIBUTI,0564-2280
TRIBUTIMPRESA,1827-4803
TRIERER THEOLOGISCHE ZEITSCHRIFT,0041-2945
TRIMESTRE,0393-408X
TRUST LAW INTERNATIONAL,0962-2624
TRUSTS & TRUSTEES,.
TRUSTS & TRUSTEES,1363-1780
TRUSTS E ATTIVITA' FIDUCIARIE,1590-5586
TULANE EUROPEAN AND CIVIL LAW FORUM,.
TULANE JOURNAL OF INTERNATIONAL AND COMPARATIVE LAW,1069-4455
TULANE LAW REVIEW,0041-3992
TULANE MARITIME LAW JOURNAL,1048-3748
TvCr,1879-6664
UNIFORM LAW REVIEW,1124-3694
UNIVERSITY OF DETROIT MERCY LAW REVIEW,1058-4323
UNIVERSITY OF PENNSYLVANIA JOURNAL OF BUSINESS LAW,1945-2934
UNIVERSITY OF PENNSYLVANIA JOURNAL OF INTERNATIONAL ECONOMIC LAW,1086-7872
UNIVERSITY OF PENNSYLVANIA JOURNAL OF INTERNATIONAL LAW,1938-0283
URBANISTICA E APPALTI,1824-1905
URBANISTICA INFORMAZIONI,0392-5005
URBANISTICA PVS,1125-6257
UTILITAS,0953-8208
UTOPÍA Y PRAXIS LATINOAMERICANA,1316-5216
UTRECHT LAW REVIEW,1871-515X
UWM LAW REVIEW,2080-9670
VALORI E VALUTAZIONI,2036-2404
VANDERBILT JOURNAL OF TRANSNATIONAL LAW,0090-2594
VANDERBILT LAW REVIEW,0042-2533
VERBA JURIS,1678-183X
VERBRAUCHER UND RECHT,0930-8369
VEREDAS DO DIREITO,1806-3845
VERIFICHE,0391-4186
VERITAS,0042-3955
VERITAS ET JUS,1664-1914
VERMONT LAW REVIEW,0145-2908
VERTIGO,1492-8442
VESTNIK DREVNEI ISTORII,0321-0391
VESTNIK GRAZDANSKOGO PRAVA,1992-2043
VESTNIK VYSSEGO ARBITRAZNOGO SUDA ROSSIJSKOJ FEDERACII,0869-7426
VESUVIANA,2036-8089
VETERA CHRISTIANORUM,1121-9696
VILLA VIGONI. COMUNICAZIONI/MITTEILUNGEN,1126-6821
VINDOBONA JOURNAL OF INTERNATIONAL COMMERCIAL LAW AND ARBITRATION,1439-9741
VIRGINIA JOURNAL OF INTERNATIONAL LAW,0042-6571
VITA E PENSIERO,0042-725X
VITA NOTARILE,1824-1484
VITA NOTARILE ESPERIENZE GIURIDICHE,1824-1506
VIVARIUM,1825-9952
VOCI,1827-5095
WAKE FOREST LAW REVIEW,0043-003X
WASHINGTON UNIVERSITY GLOBAL STUDIES LAW REVIEW,1546-6981
WATER INTERNATIONAL,0250-8060
WELFARE OGGI,2240-3590
WELTTRENDS,0944-8101
WEST-NORTHWEST,1080-0735
WISTRA,0721-6890
WOHNRECHTLICHE BLÄTTER,0933-2766
WORLD COMPETITION,1011-4548
WORLD ECONOMY,0378-5920
WORLD TAX JOURNAL,1878-4917
WORLD TRADE,1054-8637
WORLD TRADE REVIEW,1474-7456
WORLD TRADE REVIEW,1475-3138
WSEAS TRANSACTIONS ON COMPUTERS,1109-2750
WWW.FILOSOFIA.IT,1722-9782
XENOTRANSPLANTATION,0908-665X
XIAMEN DAXUE XUEBAO,0438-0460
YEARBOOK OF EUROPEAN LAW,0263-3264
YEARBOOK OF INTERNATIONAL ENVIRONMENTAL LAW,0965-1721
YEARBOOK OF PRIVATE INTERNATIONAL LAW,1566-6352
ZACCHIA,0044-1570
ZAPRUDER,1723-0020
ZBB. ZEITSCHRIFT FÜR BANKRECHT UND BANKWIRTSCHAFT,0936-2800
ZBORNIG PRAVNOG FAKULTETA SVEUCILISTA U RIJECI,1330-349X
ZBORNIK PRAVNOG FAKULTETA U ZAGREBU,0350-2058
ZEITSCHRIFT DER SAVIGNY-STIFTUNG FUER RECHTSGESCHICHTE. GERMANISTISCHE ABTEILUNG,0323-4045
ZEITSCHRIFT DER SAVIGNY-STIFTUNG FUER RECHTSGESCHICHTE. KANONISTISCHE ABTEILUNG,0323-4142
ZEITSCHRIFT DER SAVIGNY-STIFTUNG FÜR RECHTSGESCHICHTE. ROMANISTISCHE ABTEILUNG,0323-4096
ZEITSCHRIFT DES BERNISCHEN JURISTENVEREINS,0044-2127
ZEITSCHRIFT FUER AUSLANDISCHES OEFFENTLICHES RECHT UND VOELKERRECHT,0044-2348
ZEITSCHRIFT FUER WIRTSCHAFTS- UND BANKRECHT,0342-6971
ZEITSCHRIFT FUER ZIVILPROZESS,0342-3468
ZEITSCHRIFT FÜR CHINESISCHES RECHT,1613-5768
ZEITSCHRIFT FÜR DAS GESAMTE INSOLVENZRECHT,1615-8032
ZEITSCHRIFT FÜR DIE GESAMTE PRIVATRECHTSWISSENSCHAFT,2363-4960
ZEITSCHRIFT FÜR DIE GESAMTE STRAFRECHTSWISSENSCHAFT,0084-5310
ZEITSCHRIFT FÜR ERBRECHT UND VERMÖGENSNACHFOLGE,0945-4969
ZEITSCHRIFT FUR EUROPAISCHES PRIVATRECHT,0943-3929
"ZEITSCHRIFT FÜR EUROPÄISCHES UNTERNEHMENS- UND VERBRAUCHERRECHT - JOURNAL OF EUROPEAN CONSUMERAND MARKET LAW)",2191-3420
"ZEITSCHRIFT FÜR EUROPÄISCHES UNTERNEHMENS- UND VERBRAUCHERRECHT (JOURNAL OF EUROPEAN CONSUMERAND MARKET LAW)",2191-3412
ZEITSCHRIFT FÜR EUROPARECHT INTERNATIONALES PRIVATRECHT & RECHTSVERGLEICHUNG,2078-1059
ZEITSCHRIFT FÜR FAMILIEN- UND ERBRECHT,2226-0412
ZEITSCHRIFT FÜR GESETZGEBUNG,0179-4051
ZEITSCHRIFT FÜR INTERNATIONALE STRAFRECHTSDOGMATIK,1863-6470
ZEITSCHRIFT FÜR KATHOLISCHE THEOLOGIE,0044-2895
ZEITSCHRIFT FÜR KIRCHENGESCHICHTE,0044-2925
ZEITSCHRIFT FÜR LUFT- UND WELTRAUMRECHT,0340-8329
ZEITSCHRIFT FÜR NEUERE RECHTSGESCHICHTE,0250-6459
ZEITSCHRIFT FÜR ÖFFENTLICHES RECHT,0948-4396
ZEITSCHRIFT FÜR ÖFFENTLICHES RECHT,1613-7663
ZEITSCHRIFT FÜR PAPYROLOGIE UND EPIGRAPHIK,0084-5388
ZEITSCHRIFT FÜR RECHTSSOZIOLOGIE,0174-0202
ZEITSCHRIFT FÜR RECHTSVERGLEICHUNG,0514-275X
ZEITSCHRIFT FÜR SCHWEIZERISCHES RECHT,0254-945X
ZEITSCHRIFT FUR UNTERNEHMENS- UND GESELLSCHAFTSRECHT,0340-2479
ZEITSCHRIFT FÜR VERGLEICHENDE RECHTSWISSENSCHAFT,0044-3638
ZEITSCHRIFT FÜR ZIVILPROZESS INTERNATIONAL,1434-8888
ZESAR,1611-1958
ZESZYTY NAUKOWE UNIWERSYTETU JAGIELLONSKIEGO. PRACE HISTORYCZNE,0083-4351
ZESZYTY PRAWNICZE,1643-8183
ZHENGZHI YU FALU,1005-9512
ZHONG-WAI FAXUE,1002-4875
